Subject,Session,Block,Condition,Trial,whetherCued,midStim,leftStim,rightStim,remCueLoc,fogCueLoc,neutralCueLoc,probeCueLoc,probeRem,probeForget,probeNeutral,Target,Estimate,RT,Error,Points
121,1,1,1,1,1,347.6621,78.5825,225.8965,3,1,2,3,1,0,0,225.8965,353.2268,1.6875,127.3303,-20,
121,1,1,2,2,1,169.6783,319.0936,48.6413,3,1,2,1,0,1,0,169.6783,NaN,100000,999,0,
121,1,1,2,3,1,108.812,17.8803,78.7383,1,3,2,1,1,0,0,108.812,102.3666,2.8888,-6.4454,30,
121,1,1,1,4,1,347.6614,136.397,49.7312,3,1,2,1,0,1,0,347.6614,320.304,2.7506,-27.3574,10,
121,1,1,2,5,1,78.6346,196.8692,47.9079,1,3,2,1,1,0,0,78.6346,56.6603,2.5324,-21.9743,10,
121,1,1,2,6,1,45.7597,16.9855,196.8736,3,1,2,3,1,0,0,196.8736,208.058,2.7853,11.1844,30,
121,1,1,1,7,1,138.2116,316.1063,79.1853,2,1,3,1,0,1,0,138.2116,113.7758,3.9586,-24.4357,10,
121,1,1,2,8,1,319.2929,289.5553,168.4982,1,3,2,1,1,0,0,319.2929,293.1121,1.9305,-26.1808,10,
121,1,1,1,9,1,287.6468,199.1499,49.2938,2,3,1,2,1,0,0,199.1499,132.986,2.9375,-66.1639,-20,
121,1,1,1,10,1,169.2518,139.5582,198.1964,1,2,3,1,1,0,0,169.2518,138.2567,2.1806,-30.9951,0,
121,1,1,2,11,1,169.1329,48.3844,286.038,1,3,2,1,1,0,0,169.1329,172.9656,4.6318,3.8328,30,
121,1,1,1,12,1,287.2569,316.9132,48.9482,1,2,3,1,1,0,0,287.2569,269.7268,2.6667,-17.5301,20,
121,1,1,1,13,1,228.7938,349.9761,315.9329,1,2,3,2,0,1,0,349.9761,25.9395,3.056,35.9634,0,
121,1,1,1,14,1,285.9688,47.1618,258.7458,1,3,2,1,1,0,0,285.9688,252.1997,2.9652,-33.7692,0,
121,1,1,2,15,1,19.6749,137.3974,346.159,1,3,2,1,1,0,0,19.6749,21.5458,2.4726,1.8709,40,
121,1,1,1,16,1,287.6548,259.506,317.7028,3,1,2,3,1,0,0,317.7028,13.8933,2.3682,56.1906,-10,
121,1,1,1,17,1,105.9911,165.9754,316.6342,3,2,1,3,1,0,0,316.6342,331.6183,1.7432,14.9841,20,
121,1,1,1,18,1,109.0699,259.4922,77.1462,2,3,1,2,1,0,0,259.4922,269.2167,2.3058,9.7244,30,
121,1,1,2,19,1,315.4649,347.3174,285.0467,3,1,2,2,0,0,1,347.3174,332.9198,2.4236,-14.3976,20,
121,1,1,2,20,1,77.1828,225.2461,105.2482,3,2,1,3,1,0,0,105.2482,63.2032,2.6805,-42.0449,-5,
121,1,1,1,21,1,17.3062,228.1966,259.5867,3,2,1,2,0,1,0,228.1966,236.3795,2.5695,8.1829,30,
121,1,1,2,22,1,19.9049,195.6352,286.1612,3,2,1,3,1,0,0,286.1612,258.6843,2.5139,-27.4769,10,
121,1,1,1,23,1,19.2845,75.217,318.4581,2,3,1,2,1,0,0,75.217,62.7963,1.3681,-12.4206,20,
121,1,1,2,24,1,79.095,348.1246,228.6928,1,2,3,2,0,1,0,348.1246,NaN,100000,999,0,
121,1,1,1,25,1,49.4771,227.9126,257.9137,3,1,2,2,0,0,1,227.9126,223.9117,2.3681,-4.0009,30,
121,1,1,2,26,1,47.0319,136.931,228.049,2,3,1,2,1,0,0,136.931,131.4371,2.0764,-5.4939,30,
121,1,1,1,27,1,77.6151,16.6265,49.1592,3,2,1,3,1,0,0,49.1592,6.7185,3.2703,-42.4407,-5,
121,1,1,2,28,1,137.6428,345.2572,78.7844,2,1,3,2,1,0,0,345.2572,346.949,2.0347,1.6919,40,
121,1,1,1,29,1,168.7425,317.7165,226.6907,3,2,1,1,0,0,1,168.7425,155.4186,2.0695,-13.324,20,
121,1,1,2,30,1,315.1258,197.0721,138.657,2,3,1,2,1,0,0,197.0721,154.8413,1.6667,-42.2308,-5,
121,1,1,2,31,1,315.8145,169.192,195.8378,3,1,2,3,1,0,0,195.8378,157.7489,2.8613,-38.0889,0,
121,1,1,2,32,1,109.7017,135.0292,228.0515,2,3,1,2,1,0,0,135.0292,148.4523,2.2572,13.4231,20,
121,1,1,2,33,1,256.4523,47.0128,289.3103,2,1,3,2,1,0,0,47.0128,49.3053,1.6111,2.2926,40,
121,1,1,1,34,1,319.2054,76.7725,167.1503,1,2,3,3,0,0,1,167.1503,171.5578,1.9792,4.4074,30,
121,1,1,2,35,1,289.8173,135.4295,167.5025,3,1,2,3,1,0,0,167.5025,173.0186,2.2292,5.5161,30,
121,1,1,2,36,1,46.5193,197.4165,346.6891,2,3,1,2,1,0,0,197.4165,147.0557,2.4236,-50.3608,-10,
121,1,1,1,37,1,79.9262,107.7974,169.668,1,2,3,1,1,0,0,79.9262,194.6809,7.4095,114.7547,-20,
121,1,1,1,38,1,135.5422,165.1806,228.0905,1,3,2,3,0,1,0,228.0905,207.5419,1.9097,-20.5485,20,
121,1,1,2,39,1,259.4502,346.651,166.1485,1,3,2,1,1,0,0,259.4502,245.4291,2.9582,-14.0211,20,
121,1,1,2,40,1,135.5697,19.8928,79.243,2,1,3,1,0,1,0,135.5697,NaN,100000,999,0,
121,1,1,1,41,1,285.5402,17.2994,137.2544,2,3,1,3,0,1,0,137.2544,125.3323,2.6671,-11.9221,30,
121,1,1,1,42,1,138.7045,347.534,165.9996,3,1,2,2,0,0,1,347.534,23.6907,1.6874,36.1568,0,
121,1,1,1,43,1,169.3879,345.0718,46.4715,2,1,3,3,0,0,1,46.4715,26.1094,3.0278,-20.3621,20,
121,1,1,1,44,1,227.7164,78.5126,19.7822,3,1,2,3,1,0,0,19.7822,22.6005,1.9861,2.8183,40,
121,1,1,1,45,1,78.8751,319.5709,48.9128,2,3,1,2,1,0,0,319.5709,328.4754,2.2431,8.9045,30,
121,1,1,2,46,1,48.4957,168.9813,137.2079,3,2,1,1,0,0,1,48.4957,47.9524,2.8333,-0.54327,40,
121,1,1,2,47,1,315.7287,287.9252,345.3668,3,2,1,3,1,0,0,345.3668,342.0003,1.4098,-3.3665,30,
121,1,1,1,48,1,286.8252,226.5457,315.6046,2,1,3,2,1,0,0,226.5457,221.1936,1.9931,-5.3521,30,
121,1,1,2,49,1,256.6999,319.2336,46.2303,3,1,2,3,1,0,0,46.2303,24.1075,1.5278,-22.1229,10,
121,1,1,2,50,1,135.68,78.9445,105.462,3,2,1,3,1,0,0,105.462,205.027,12.9511,99.565,-20,
121,1,1,2,51,1,75.0988,319.8215,349.8519,1,3,2,1,1,0,0,75.0988,70.5621,2.2361,-4.5367,30,
121,1,1,1,52,1,19.6916,226.2771,107.6658,2,3,1,2,1,0,0,226.2771,231.7653,1,5.4882,30,
121,1,1,1,53,1,138.9798,226.1669,78.0042,1,3,2,2,0,0,1,226.1669,217.0186,1.4306,-9.1483,30,
121,1,1,2,54,1,346.4868,16.9821,317.1038,3,1,2,3,1,0,0,317.1038,339.6689,1.0205,22.5652,10,
121,1,1,2,55,1,317.7541,79.3545,195.2113,2,3,1,1,0,0,1,317.7541,300.7942,1.5765,-16.9599,20,
121,1,1,1,56,1,47.5997,169.9459,257.4496,2,1,3,2,1,0,0,169.9459,167.741,1.8681,-2.2049,40,
121,1,1,1,57,1,79.0846,195.9474,105.6185,1,3,2,1,1,0,0,79.0846,74.5263,1.2157,-4.5583,30,
121,1,1,1,58,1,76.6599,319.1987,286.8586,1,2,3,1,1,0,0,76.6599,80.8359,1.2289,4.1759,30,
121,1,1,1,59,1,135.784,76.6302,46.5703,1,3,2,3,0,1,0,46.5703,28.0673,1.4588,-18.503,20,
121,1,1,2,60,1,286.0726,228.3995,167.7865,1,3,2,1,1,0,0,286.0726,282.5888,1.5307,-3.4838,30,
121,1,2,1,61,1,287.0116,195.9092,139.2813,3,1,2,1,0,1,0,287.0116,283.4562,1.1527,-3.5554,30,
121,1,2,2,62,1,225.9992,318.0367,107.7152,3,2,1,3,1,0,0,107.7152,42.2247,1.3402,-65.4905,-20,
121,1,2,2,63,1,48.791,169.4352,15.344,2,1,3,3,0,0,1,15.344,21.2366,1.5556,5.8926,30,
121,1,2,2,64,1,16.9081,317.8384,169.4393,3,1,2,3,1,0,0,169.4393,209.5896,2.2292,40.1503,-5,
121,1,2,2,65,1,139.6308,166.4925,256.6904,1,2,3,1,1,0,0,139.6308,141.47,1.514,1.8392,40,
121,1,2,1,66,1,346.3991,77.235,47.9379,1,2,3,3,0,0,1,47.9379,25.4423,1.2576,-22.4955,10,
121,1,2,2,67,1,349.442,316.1658,289.308,3,2,1,3,1,0,0,289.308,300.3638,1.4237,11.0558,30,
121,1,2,1,68,1,287.6372,108.625,348.0371,2,3,1,3,0,1,0,348.0371,342.1993,1.4237,-5.8377,30,
121,1,2,1,69,1,349.0746,135.7025,259.3993,3,2,1,3,1,0,0,259.3993,248.8057,1.9653,-10.5936,30,
121,1,2,1,70,1,15.4219,229.8604,285.1573,2,3,1,2,1,0,0,229.8604,211.4689,1.9028,-18.3915,20,
121,1,2,1,71,1,318.2673,77.4483,349.8643,3,2,1,3,1,0,0,349.8643,347.4809,1.2986,-2.3833,40,
121,1,2,1,72,1,287.6205,225.601,105.889,3,2,1,1,0,0,1,287.6205,288.0338,1.6113,0.41326,40,
121,1,2,1,73,1,77.9122,257.105,345.4603,1,3,2,1,1,0,0,77.9122,74.5287,2.6251,-3.3835,30,
121,1,2,1,74,1,15.8762,165.966,258.0821,3,1,2,3,1,0,0,258.0821,4.1824,1.6527,106.1002,-20,
121,1,2,1,75,1,288.861,317.3768,18.4045,2,3,1,2,1,0,0,317.3768,329.4817,1.2361,12.105,20,
121,1,2,2,76,1,139.1315,79.956,197.6197,2,3,1,2,1,0,0,79.956,72.0035,1.1042,-7.9526,30,
121,1,2,2,77,1,317.3578,347.715,225.2985,1,2,3,2,0,1,0,347.715,NaN,100000,999,0,
121,1,2,1,78,1,79.1667,256.0186,227.7221,1,3,2,2,0,0,1,256.0186,250.3897,1.632,-5.6289,30,
121,1,2,2,79,1,165.6614,49.3524,348.0148,2,1,3,3,0,0,1,348.0148,338.7811,1.5629,-9.2337,30,
121,1,2,2,80,1,76.8968,319.3234,17.0998,3,1,2,3,1,0,0,17.0998,344.4487,1.1667,-32.6511,0,
121,1,2,2,81,1,349.1405,287.5372,16.8308,2,3,1,2,1,0,0,287.5372,322.4251,1.1598,34.8879,0,
121,1,2,2,82,1,167.8456,109.3752,136.7429,2,1,3,1,0,1,0,167.8456,NaN,100000,999,0,
121,1,2,1,83,1,17.3376,75.7067,45.3407,2,1,3,2,1,0,0,75.7067,66.58,1.2155,-9.1267,30,
121,1,2,1,84,1,346.2021,48.4245,319.1963,3,1,2,3,1,0,0,319.1963,318.4302,1.0764,-0.76603,40,
121,1,2,1,85,1,316.9479,48.8765,285.8968,3,1,2,3,1,0,0,285.8968,299.5248,1.6253,13.628,20,
121,1,2,1,86,1,169.6136,317.8213,17.1573,2,1,3,2,1,0,0,317.8213,319.3364,1.2293,1.5151,40,
121,1,2,1,87,1,79.9629,257.2792,17.1302,2,1,3,2,1,0,0,257.2792,232.884,1.6042,-24.3952,10,
121,1,2,1,88,1,348.4165,318.0428,46.0983,3,1,2,3,1,0,0,46.0983,49.268,1.4514,3.1697,30,
121,1,2,1,89,1,169.7606,319.8793,345.1546,1,2,3,1,1,0,0,169.7606,169.4142,1.3125,-0.34647,40,
121,1,2,1,90,1,196.2163,77.8571,319.9086,1,2,3,1,1,0,0,196.2163,203.0735,1.3824,6.8572,30,
121,1,2,2,91,1,165.7083,257.1895,196.7519,3,1,2,3,1,0,0,196.7519,207.3256,1.521,10.5737,30,
121,1,2,1,92,1,77.8463,166.2439,346.5965,3,1,2,2,0,0,1,166.2439,165.386,1.6807,-0.85782,40,
121,1,2,2,93,1,138.0017,285.425,169.6118,3,2,1,2,0,1,0,285.425,NaN,100000,999,0,
121,1,2,1,94,1,15.2493,78.4264,168.1014,3,1,2,2,0,0,1,78.4264,78.3655,1.2917,-0.060969,40,
121,1,2,1,95,1,226.5739,288.6337,107.5789,1,3,2,1,1,0,0,226.5739,233.514,1.3472,6.9401,30,
121,1,2,1,96,1,105.3874,229.2531,45.7226,1,3,2,3,0,1,0,45.7226,31.358,1.3751,-14.3646,20,
121,1,2,2,97,1,256.898,166.5953,19.9303,2,3,1,1,0,0,1,256.898,232.9248,1.1948,-23.9732,10,
121,1,2,2,98,1,289.4674,317.3291,167.8043,2,1,3,2,1,0,0,317.3291,334.2524,1.3334,16.9233,20,
121,1,2,1,99,1,46.0259,137.1957,345.1363,2,1,3,3,0,0,1,345.1363,345.8238,1.2848,0.68752,40,
121,1,2,1,100,1,137.2818,345.2392,78.6913,2,3,1,2,1,0,0,345.2392,345.0679,0.94438,-0.17134,40,
121,1,2,1,101,1,17.9852,347.153,168.6536,1,2,3,2,0,1,0,347.153,351.0388,1.0764,3.8858,30,
121,1,2,2,102,1,46.2094,138.7992,16.4546,2,3,1,2,1,0,0,138.7992,155.4061,1.0904,16.6069,20,
121,1,2,2,103,1,47.4481,196.3491,19.9487,2,1,3,1,0,1,0,47.4481,NaN,100000,999,0,
121,1,2,1,104,1,79.478,197.4125,17.2137,1,2,3,1,1,0,0,79.478,79.8771,1.2362,0.39913,40,
121,1,2,2,105,1,228.6452,46.0131,106.0814,3,2,1,3,1,0,0,106.0814,100.3342,1.1459,-5.7472,30,
121,1,2,1,106,1,198.0216,317.5822,285.0375,3,1,2,3,1,0,0,285.0375,256.8072,1.2432,-28.2304,10,
121,1,2,2,107,1,106.7555,165.2715,258.5435,3,2,1,2,0,1,0,165.2715,NaN,100000,999,0,
121,1,2,1,108,1,287.5553,75.1388,49.9519,2,3,1,2,1,0,0,75.1388,70.0612,1.1111,-5.0776,30,
121,1,2,2,109,1,255.0301,199.0096,77.487,2,3,1,2,1,0,0,199.0096,161.8726,1.3473,-37.1369,0,
121,1,2,1,110,1,135.1732,347.2556,15.069,1,2,3,1,1,0,0,135.1732,143.7318,1.007,8.5587,30,
121,1,2,1,111,1,79.7346,257.5505,108.9594,1,2,3,2,0,1,0,257.5505,244.5958,1.0347,-12.9547,20,
121,1,2,2,112,1,286.7105,229.0856,257.6584,3,2,1,3,1,0,0,257.6584,247.9538,1.0486,-9.7046,30,
121,1,2,2,113,1,76.4914,257.4826,349.4495,3,1,2,3,1,0,0,349.4495,341.4377,1.0834,-8.0118,30,
121,1,2,2,114,1,166.0175,289.0689,346.9672,1,3,2,1,1,0,0,166.0175,163.4823,1.2225,-2.5352,40,
121,1,2,2,115,1,16.4322,288.4356,345.7057,2,1,3,2,1,0,0,288.4356,268.0569,1.3403,-20.3788,20,
121,1,2,1,116,1,258.9694,197.3455,166.5476,2,1,3,2,1,0,0,197.3455,164.0818,1.1667,-33.2637,0,
121,1,2,2,117,1,287.7349,347.0148,225.5352,1,2,3,2,0,1,0,347.0148,NaN,100000,999,0,
121,1,2,2,118,1,316.6124,259.8807,106.3911,2,1,3,2,1,0,0,259.8807,234.8186,1.3959,-25.0622,10,
121,1,2,2,119,1,16.1746,316.9945,136.3406,1,2,3,1,1,0,0,16.1746,45.4479,1.3261,29.2733,10,
121,1,2,2,120,1,287.342,347.5171,229.5527,1,2,3,1,1,0,0,287.342,266.189,2.3611,-21.1529,10,
121,1,3,1,121,1,228.8403,286.1655,17.9368,1,3,2,1,1,0,0,228.8403,255.7177,1.0624,26.8774,10,
121,1,3,1,122,1,258.5045,165.0311,226.8717,3,1,2,3,1,0,0,226.8717,210.8047,0.88198,-16.067,20,
121,1,3,1,123,1,286.589,139.9222,347.7413,2,3,1,1,0,0,1,286.589,277.1124,0.93057,-9.4767,30,
121,1,3,1,124,1,139.2986,258.3886,79.0292,1,2,3,2,0,1,0,258.3886,258.6375,1.1737,0.24883,40,
121,1,3,2,125,1,75.512,349.7956,225.7645,2,1,3,1,0,1,0,75.512,NaN,100000,999,0,
121,1,3,2,126,1,76.5253,18.9491,46.1819,2,1,3,1,0,1,0,76.5253,NaN,100000,999,0,
121,1,3,1,127,1,135.2611,167.8559,18.7383,3,2,1,3,1,0,0,18.7383,355.0315,1.25,-23.7068,10,
121,1,3,2,128,1,259.4756,228.4215,348.2842,2,3,1,3,0,1,0,348.2842,NaN,100000,999,0,
121,1,3,1,129,1,46.0689,228.2283,166.9032,1,3,2,1,1,0,0,46.0689,60.2965,1.9653,14.2276,20,
121,1,3,1,130,1,18.8974,229.7742,109.598,3,2,1,3,1,0,0,109.598,88.4608,1.0626,-21.1373,10,
121,1,3,2,131,1,349.0469,108.044,137.3996,1,3,2,1,1,0,0,349.0469,343.5577,2.0209,-5.4891,30,
121,1,3,2,132,1,138.5406,169.2969,228.9054,1,2,3,2,0,1,0,169.2969,NaN,100000,999,0,
121,1,3,1,133,1,78.0327,228.5732,17.0077,2,1,3,2,1,0,0,228.5732,211.2821,2.1667,-17.2911,20,
121,1,3,1,134,1,165.2792,105.6911,289.3153,1,3,2,1,1,0,0,165.2792,175.3376,1.0417,10.0583,30,
121,1,3,2,135,1,197.0044,169.975,226.305,1,3,2,1,1,0,0,197.0044,181.9731,0.91664,-15.0313,20,
121,1,3,2,136,1,165.4231,347.9109,105.7653,1,2,3,3,0,0,1,105.7653,130.6431,1.3543,24.8777,10,
121,1,3,1,137,1,19.5946,288.0127,78.5107,3,2,1,3,1,0,0,78.5107,49.268,1.1112,-29.2427,10,
121,1,3,1,138,1,109.3055,256.0496,76.9955,2,1,3,2,1,0,0,256.0496,247.7751,1.3125,-8.2745,30,
121,1,3,2,139,1,288.1673,139.9305,316.0358,1,3,2,1,1,0,0,288.1673,292.3775,2.4171,4.2102,30,
121,1,3,1,140,1,345.1987,289.9428,198.4309,2,1,3,2,1,0,0,289.9428,307.447,1.0348,17.5042,20,
121,1,3,2,141,1,106.1302,286.805,256.6228,3,2,1,3,1,0,0,256.6228,264.7787,1.0973,8.1559,30,
121,1,3,1,142,1,315.6413,16.2646,199.4198,3,2,1,2,0,1,0,16.2646,73.6689,1.2362,57.4043,-10,
121,1,3,2,143,1,48.376,18.0051,316.7315,1,3,2,1,1,0,0,48.376,47.4983,2.382,-0.87763,40,
121,1,3,1,144,1,49.3067,197.3195,137.8527,2,1,3,1,0,1,0,49.3067,48.9427,2.7569,-0.36398,40,
121,1,3,1,145,1,229.9147,258.5482,345.8772,1,3,2,1,1,0,0,229.9147,253.1312,1.2639,23.2165,10,
121,1,3,1,146,1,258.1158,165.1316,346.594,2,1,3,2,1,0,0,165.1316,152.5032,1.0973,-12.6284,20,
121,1,3,1,147,1,135.7593,46.9033,109.1051,3,2,1,1,0,0,1,135.7593,132.5752,1.0879,-3.1841,30,
121,1,3,2,148,1,198.0677,319.9403,16.0995,2,1,3,2,1,0,0,319.9403,326.3495,1.1735,6.4092,30,
121,1,3,1,149,1,135.5949,109.6327,197.9678,3,2,1,3,1,0,0,197.9678,32.1042,1.3265,-165.8636,-20,
121,1,3,2,150,1,106.1333,288.515,198.7708,2,3,1,2,1,0,0,288.515,119.3699,1.771,-169.1451,-20,
121,1,3,2,151,1,258.6013,318.3939,16.0638,2,3,1,2,1,0,0,318.3939,311.5312,1.3055,-6.8627,30,
121,1,3,1,152,1,16.8767,287.4019,46.7121,1,3,2,2,0,0,1,287.4019,303.7849,1.271,16.383,20,
121,1,3,1,153,1,315.1096,259.0414,45.896,2,3,1,2,1,0,0,259.0414,261.2609,1.181,2.2195,40,
121,1,3,2,154,1,259.1191,15.6305,46.5006,1,2,3,1,1,0,0,259.1191,268.0582,1.1183,8.9391,30,
121,1,3,2,155,1,18.6466,139.2992,198.1348,2,3,1,2,1,0,0,139.2992,134.2898,1.0487,-5.0094,30,
121,1,3,1,156,1,135.7432,78.2906,18.1699,2,3,1,1,0,0,1,135.7432,144.6454,1.3681,8.9022,30,
121,1,3,2,157,1,199.3117,259.482,105.9451,2,3,1,3,0,1,0,105.9451,NaN,100000,999,0,
121,1,3,1,158,1,347.713,199.3067,229.5457,2,3,1,1,0,0,1,347.713,326.2686,1.8472,-21.4445,10,
121,1,3,1,159,1,106.3573,169.3394,258.7075,1,2,3,1,1,0,0,106.3573,97.7796,1.0836,-8.5776,30,
121,1,3,1,160,1,319.1445,286.073,108.9552,3,2,1,2,0,1,0,286.073,267.5202,1.3194,-18.5528,20,
121,1,3,2,161,1,47.6116,196.9868,347.3955,1,2,3,1,1,0,0,47.6116,53.2018,1.2361,5.5902,30,
121,1,3,1,162,1,255.1617,287.7853,138.599,3,1,2,3,1,0,0,138.599,169.7562,1.7222,31.1572,0,
121,1,3,2,163,1,199.6661,349.858,316.8046,3,1,2,1,0,1,0,199.6661,NaN,100000,999,0,
121,1,3,2,164,1,108.5272,45.0251,168.9126,1,2,3,1,1,0,0,108.5272,119.8027,0.99337,11.2755,30,
121,1,3,1,165,1,45.5213,257.3488,166.0953,3,2,1,3,1,0,0,166.0953,158.8473,1.6666,-7.248,30,
121,1,3,2,166,1,228.9608,165.7272,347.4457,3,2,1,1,0,0,1,228.9608,215.2,1.2988,-13.7608,20,
121,1,3,1,167,1,18.1927,227.9709,317.4931,3,2,1,3,1,0,0,317.4931,300.7742,1.7991,-16.7189,20,
121,1,3,1,168,1,76.7813,257.3779,108.3551,2,3,1,2,1,0,0,257.3779,235.7537,1.2152,-21.6242,10,
121,1,3,2,169,1,226.6564,47.2663,168.6869,1,2,3,2,0,1,0,47.2663,NaN,100000,999,0,
121,1,3,2,170,1,165.9661,288.4472,45.2523,2,3,1,2,1,0,0,288.4472,308.8754,1.1181,20.4282,20,
121,1,3,2,171,1,46.0426,138.3291,199.8667,3,2,1,3,1,0,0,199.8667,6.3163,1.4167,166.4496,-20,
121,1,3,1,172,1,166.9705,46.7964,105.4443,2,1,3,3,0,0,1,105.4443,3.5504,1.1597,-101.8939,-20,
121,1,3,1,173,1,347.8786,199.2117,287.4986,3,1,2,3,1,0,0,287.4986,298.8114,1.1253,11.3127,30,
121,1,3,2,174,1,79.7156,195.5635,48.2414,2,1,3,1,0,1,0,79.7156,NaN,100000,999,0,
121,1,3,2,175,1,168.2646,46.9074,256.5001,3,1,2,3,1,0,0,256.5001,314.9279,0.93777,58.4278,-10,
121,1,3,2,176,1,258.094,197.2651,15.0508,1,3,2,1,1,0,0,258.094,256.0792,1.0417,-2.0148,40,
121,1,3,2,177,1,225.6266,256.8224,108.3812,3,1,2,3,1,0,0,108.3812,11.7984,1.0417,-96.5827,-20,
121,1,3,2,178,1,289.3621,108.0063,316.6059,2,3,1,2,1,0,0,108.0063,104.9252,1.3334,-3.0811,30,
121,1,3,1,179,1,225.1131,285.3254,19.6198,2,3,1,1,0,0,1,225.1131,260.67,0.95836,35.5568,0,
121,1,3,1,180,1,318.3728,139.1758,108.2824,2,1,3,2,1,0,0,139.1758,136.7367,1.2293,-2.4391,40,
121,1,4,1,181,1,287.5532,256.9261,316.553,3,2,1,1,0,0,1,287.5532,284.0996,1.1112,-3.4536,30,
121,1,4,1,182,1,16.188,349.0879,137.0291,3,2,1,3,1,0,0,137.0291,309.3893,1.382,172.3601,-20,
121,1,4,1,183,1,345.3449,225.8339,289.7372,1,2,3,1,1,0,0,345.3449,292.0686,1.1112,-53.2763,-10,
121,1,4,2,184,1,255.0117,168.201,289.0159,1,2,3,2,0,1,0,168.201,NaN,100000,999,0,
121,1,4,1,185,1,316.1959,45.1463,108.5116,1,2,3,2,0,1,0,45.1463,38.584,1.0421,-6.5623,30,
121,1,4,1,186,1,18.8133,199.0351,258.1648,3,1,2,3,1,0,0,258.1648,235.218,1.2293,-22.9468,10,
121,1,4,2,187,1,169.2032,77.3441,227.7261,3,2,1,1,0,0,1,169.2032,169.6804,1.5413,0.47726,40,
121,1,4,2,188,1,257.3923,196.6026,18.0079,2,1,3,2,1,0,0,196.6026,182.0107,1.3889,-14.5919,20,
121,1,4,2,189,1,106.5352,165.3053,256.0974,2,3,1,3,0,1,0,256.0974,NaN,100000,999,0,
121,1,4,2,190,1,196.8422,135.039,78.0135,2,1,3,3,0,0,1,78.0135,34.1501,1.3058,-43.8635,-5,
121,1,4,1,191,1,345.6151,137.8998,46.6427,3,1,2,3,1,0,0,46.6427,28.172,1.0208,-18.4707,20,
121,1,4,2,192,1,167.1523,137.0811,228.6438,1,2,3,1,1,0,0,167.1523,325.1894,2.5625,158.0371,-20,
121,1,4,2,193,1,256.0788,225.3937,169.6653,2,1,3,2,1,0,0,225.3937,216.6576,1.6252,-8.7361,30,
121,1,4,2,194,1,289.6498,197.6467,138.1324,2,1,3,2,1,0,0,197.6467,185.8954,1.4236,-11.7513,30,
121,1,4,2,195,1,79.4841,138.3806,289.142,2,1,3,1,0,1,0,79.4841,NaN,100000,999,0,
121,1,4,1,196,1,319.1351,136.2949,15.2294,1,2,3,1,1,0,0,319.1351,305.3208,1.4022,-13.8143,20,
121,1,4,1,197,1,139.9171,229.4815,19.3285,2,1,3,2,1,0,0,229.4815,226.0243,1.5279,-3.4572,30,
121,1,4,2,198,1,258.155,106.5819,349.7956,1,2,3,2,0,1,0,106.5819,NaN,100000,999,0,
121,1,4,2,199,1,75.3035,286.9491,316.4998,3,2,1,3,1,0,0,316.4998,320.1888,1.5,3.6889,30,
121,1,4,2,200,1,258.3617,289.2806,197.4922,3,2,1,3,1,0,0,197.4922,299.4809,1.257,101.9887,-20,
121,1,4,1,201,1,16.716,137.313,46.8391,3,1,2,3,1,0,0,46.8391,7.1733,1.3332,-39.6658,0,
121,1,4,1,202,1,198.7829,139.2164,228.8508,2,3,1,2,1,0,0,139.2164,65.6978,1.3544,-73.5185,-20,
121,1,4,2,203,1,165.3821,47.0542,285.715,2,1,3,2,1,0,0,47.0542,58.0747,0.87495,11.0205,30,
121,1,4,2,204,1,78.917,258.1196,289.1271,1,2,3,2,0,1,0,258.1196,NaN,100000,999,0,
121,1,4,1,205,1,226.6904,18.3556,255.2618,2,3,1,2,1,0,0,18.3556,53.6319,0.97916,35.2763,0,
121,1,4,2,206,1,258.7676,169.18,106.2686,3,2,1,1,0,0,1,258.7676,268.9966,1.2292,10.229,30,
121,1,4,2,207,1,167.6639,286.7733,78.8656,2,3,1,3,0,1,0,78.8656,NaN,100000,999,0,
121,1,4,2,208,1,349.6472,169.6249,226.7915,2,1,3,2,1,0,0,169.6249,152.5673,2.1106,-17.0577,20,
121,1,4,2,209,1,347.6184,168.2517,256.9257,1,3,2,1,1,0,0,347.6184,329.4889,1.2852,-18.1296,20,
121,1,4,2,210,1,287.2193,135.4519,318.7219,2,3,1,2,1,0,0,135.4519,143.4438,0.88847,7.9919,30,
121,1,4,1,211,1,18.1251,77.838,259.4726,3,2,1,3,1,0,0,259.4726,264.7322,1.0767,5.2596,30,
121,1,4,2,212,1,45.7856,18.1258,108.4949,1,3,2,2,0,0,1,18.1258,18.6934,1.0487,0.56758,40,
121,1,4,1,213,1,18.1115,228.5795,256.4037,3,2,1,1,0,0,1,18.1115,21.4804,1.4792,3.3689,30,
121,1,4,2,214,1,349.7297,109.4321,287.575,2,3,1,2,1,0,0,109.4321,85.4473,0.88199,-23.9847,10,
121,1,4,1,215,1,257.8614,78.9601,317.0987,3,1,2,3,1,0,0,317.0987,325.5846,0.9724,8.4859,30,
121,1,4,2,216,1,165.1407,349.7768,258.4015,3,1,2,2,0,0,1,349.7768,6.7675,1.1667,16.9906,20,
121,1,4,1,217,1,257.2394,318.2562,135.8475,2,3,1,3,0,1,0,135.8475,323.7723,0.84028,-172.0752,-20,
121,1,4,2,218,1,77.7738,169.3964,347.7893,2,3,1,1,0,0,1,77.7738,64.8005,2.6528,-12.9733,20,
121,1,4,1,219,1,226.5057,197.4779,106.2908,2,3,1,2,1,0,0,197.4779,156.0683,0.87501,-41.4096,-5,
121,1,4,2,220,1,259.8474,45.9189,346.4997,1,3,2,1,1,0,0,259.8474,258.5482,1.3681,-1.2992,40,
121,1,4,2,221,1,318.4002,137.5748,77.6103,1,3,2,1,1,0,0,318.4002,309.6584,1.493,-8.7418,30,
121,1,4,2,222,1,166.5816,288.9171,349.862,2,3,1,2,1,0,0,288.9171,315.7111,1.3747,26.794,10,
121,1,4,1,223,1,317.7382,226.9757,346.9914,1,3,2,1,1,0,0,317.7382,303.0425,1.174,-14.6957,20,
121,1,4,1,224,1,105.814,319.8523,137.985,1,2,3,2,0,1,0,319.8523,326.7472,0.88202,6.8949,30,
121,1,4,1,225,1,255.8689,48.257,137.4935,3,2,1,3,1,0,0,137.4935,147.477,2.0347,9.9835,30,
121,1,4,2,226,1,136.2481,196.9353,227.1052,3,1,2,3,1,0,0,227.1052,220.392,1.9791,-6.7132,30,
121,1,4,2,227,1,227.9892,349.0612,319.0729,1,3,2,1,1,0,0,227.9892,179.1541,1.2361,-48.8351,-5,
121,1,4,2,228,1,225.5817,138.2311,15.5421,3,1,2,3,1,0,0,15.5421,356.628,1.3889,-18.914,20,
121,1,4,2,229,1,285.9722,48.7344,167.3778,3,1,2,3,1,0,0,167.3778,173.1266,1.3195,5.7488,30,
121,1,4,1,230,1,286.6208,78.3452,46.4815,3,2,1,3,1,0,0,46.4815,21.7302,1.6253,-24.7513,10,
121,1,4,1,231,1,255.9167,75.3846,45.7683,2,1,3,1,0,1,0,255.9167,267.5794,1.0417,11.6628,30,
121,1,4,1,232,1,287.9604,226.6264,319.9448,2,1,3,1,0,1,0,287.9604,287.9833,0.88195,0.022889,40,
121,1,4,2,233,1,195.9136,15.5061,286.0079,2,3,1,1,0,0,1,195.9136,182.7239,0.6529,-13.1897,20,
121,1,4,1,234,1,15.7835,135.2906,46.6985,2,3,1,2,1,0,0,135.2906,140.5498,1.2361,5.2592,30,
121,1,4,1,235,1,257.4626,289.8383,137.3808,3,2,1,1,0,0,1,257.4626,249.0681,1.2298,-8.3944,30,
121,1,4,2,236,1,199.2895,349.5236,136.4601,2,1,3,2,1,0,0,349.5236,164.5088,1.2362,174.9851,-20,
121,1,4,2,237,1,105.6533,255.2568,228.1375,3,1,2,2,0,0,1,255.2568,258.3767,1.1393,3.1199,30,
121,1,4,2,238,1,19.7126,288.1906,45.453,3,1,2,3,1,0,0,45.453,26.5688,1.3125,-18.8841,20,
121,1,4,1,239,1,78.9249,17.5187,136.305,2,3,1,1,0,0,1,78.9249,80.602,1.2361,1.6771,40,
121,1,4,2,240,1,168.935,137.1128,49.7186,1,2,3,1,1,0,0,168.935,145.5079,0.95843,-23.4271,10,
121,1,5,2,241,1,16.725,196.6432,349.6374,3,2,1,3,1,0,0,349.6374,331.7913,0.65982,-17.8462,20,
121,1,5,1,242,1,228.9174,256.2394,47.7721,1,2,3,1,1,0,0,228.9174,236.7251,0.80556,7.8077,30,
121,1,5,1,243,1,289.539,49.8729,105.5993,3,1,2,3,1,0,0,105.5993,19.6948,0.98614,-85.9046,-20,
121,1,5,1,244,1,197.6238,289.7213,319.9417,1,3,2,1,1,0,0,197.6238,250.0744,0.74311,52.4506,-10,
121,1,5,2,245,1,258.4234,77.2155,227.1783,1,2,3,1,1,0,0,258.4234,269.8436,1.0556,11.4201,30,
121,1,5,2,246,1,226.3361,255.1975,316.4828,2,1,3,1,0,1,0,226.3361,NaN,100000,999,0,
121,1,5,1,247,1,286.7869,228.505,255.5461,2,1,3,3,0,0,1,255.5461,268.0936,0.97192,12.5474,20,
121,1,5,2,248,1,16.2971,257.7355,317.7063,3,1,2,3,1,0,0,317.7063,320.9582,0.6181,3.2519,30,
121,1,5,2,249,1,255.7773,197.5118,137.8387,3,1,2,3,1,0,0,137.8387,163.1379,1.2849,25.2992,10,
121,1,5,2,250,1,258.6607,349.8526,138.0444,1,3,2,1,1,0,0,258.6607,252.783,1.0764,-5.8777,30,
121,1,5,2,251,1,105.3415,345.2747,198.1876,3,2,1,3,1,0,0,198.1876,196.5111,1.1045,-1.6765,40,
121,1,5,2,252,1,105.3364,255.9079,347.8787,1,3,2,3,0,1,0,347.8787,NaN,100000,999,0,
121,1,5,2,253,1,226.637,288.7301,18.7318,1,2,3,3,0,0,1,18.7318,14.2536,1.0139,-4.4781,30,
121,1,5,1,254,1,49.1833,199.2965,17.6169,2,1,3,3,0,0,1,17.6169,9.643,1.0764,-7.9739,30,
121,1,5,2,255,1,229.9671,76.632,255.6858,3,2,1,3,1,0,0,255.6858,247.7422,1.2431,-7.9436,30,
121,1,5,1,256,1,315.8999,229.0183,197.5698,1,3,2,1,1,0,0,315.8999,330.3421,1.1528,14.4421,20,
121,1,5,2,257,1,226.5174,48.0372,166.3945,2,1,3,3,0,0,1,166.3945,162.0607,1.0623,-4.3338,30,
121,1,5,1,258,1,229.0542,259.6444,108.3636,2,3,1,3,0,1,0,108.3636,146.185,1.5204,37.8214,0,
121,1,5,2,259,1,347.2662,225.3737,198.3167,1,2,3,1,1,0,0,347.2662,177.5658,0.82609,-169.7004,-20,
121,1,5,1,260,1,315.7147,345.8571,288.1292,1,2,3,2,0,1,0,345.8571,340.8821,0.89585,-4.975,30,
121,1,5,1,261,1,17.7735,108.6532,198.8681,3,1,2,2,0,0,1,108.6532,108.3542,1.2778,-0.29904,40,
121,1,5,2,262,1,139.3627,166.8354,226.181,2,1,3,2,1,0,0,166.8354,155.8105,0.88837,-11.0249,30,
121,1,5,1,263,1,257.7041,137.0821,347.5855,2,3,1,3,0,1,0,347.5855,334.3598,1.3541,-13.2257,20,
121,1,5,1,264,1,105.0634,196.1451,46.3184,3,2,1,2,0,1,0,196.1451,162.5146,0.94449,-33.6305,0,
121,1,5,2,265,1,165.2719,46.3001,287.9455,1,3,2,1,1,0,0,165.2719,160.8391,0.93064,-4.4328,30,
121,1,5,2,266,1,345.3732,167.9553,47.23,1,3,2,1,1,0,0,345.3732,328.1322,1.3194,-17.241,20,
121,1,5,2,267,1,288.1473,45.3035,138.37,1,3,2,2,0,0,1,45.3035,10.3202,0.69441,-34.9833,0,
121,1,5,2,268,1,49.3562,195.864,169.2511,2,1,3,3,0,0,1,169.2511,162.6946,1.0764,-6.5566,30,
121,1,5,2,269,1,108.1373,318.5696,166.532,1,2,3,3,0,0,1,166.532,180.3986,0.97227,13.8666,20,
121,1,5,1,270,1,106.2619,286.0004,165.345,1,2,3,1,1,0,0,106.2619,72.5316,1.0903,-33.7303,0,
121,1,5,1,271,1,317.6891,165.6703,197.7047,2,1,3,2,1,0,0,165.6703,165.5575,0.96498,-0.11285,40,
121,1,5,2,272,1,168.1491,109.2851,349.499,2,1,3,2,1,0,0,109.2851,130.8826,0.88851,21.5975,10,
121,1,5,2,273,1,227.5567,289.5707,195.4597,3,1,2,3,1,0,0,195.4597,221.9296,0.83336,26.4699,10,
121,1,5,2,274,1,49.1604,349.858,226.0914,3,2,1,1,0,0,1,49.1604,73.6155,1.6598,24.4551,10,
121,1,5,1,275,1,166.6652,137.0671,47.0717,1,2,3,1,1,0,0,166.6652,162.0156,0.83338,-4.6496,30,
121,1,5,1,276,1,47.3697,225.7062,169.7546,2,3,1,3,0,1,0,169.7546,266.0622,0.39589,96.3076,-20,
121,1,5,1,277,1,258.9492,319.5676,197.6663,2,3,1,2,1,0,0,319.5676,172.4835,1.1945,-147.0841,-20,
121,1,5,1,278,1,109.9908,255.6593,319.7734,1,2,3,1,1,0,0,109.9908,163.6093,1.1947,53.6185,-10,
121,1,5,2,279,1,196.9114,138.4645,18.0104,3,1,2,3,1,0,0,18.0104,13.5165,1.2084,-4.4939,30,
121,1,5,2,280,1,139.7456,229.7659,78.6646,3,2,1,1,0,0,1,139.7456,146.5064,0.72215,6.7608,30,
121,1,5,1,281,1,46.7295,289.2425,345.8018,1,2,3,1,1,0,0,46.7295,51.4453,0.95834,4.7158,30,
121,1,5,1,282,1,16.3991,109.6588,286.9985,1,3,2,1,1,0,0,16.3991,35.1742,0.87505,18.7751,20,
121,1,5,1,283,1,75.4084,347.3205,195.1528,2,3,1,2,1,0,0,347.3205,14.2274,0.91697,26.907,10,
121,1,5,1,284,1,106.9981,286.6271,167.777,3,1,2,3,1,0,0,167.777,358.6033,0.7772,-169.1736,-20,
121,1,5,1,285,1,259.5966,315.4502,16.2885,1,2,3,1,1,0,0,259.5966,275.4673,1.132,15.8706,20,
121,1,5,2,286,1,109.4501,255.6735,15.5996,2,1,3,3,0,0,1,15.5996,344.8811,0.72225,-30.7185,0,
121,1,5,1,287,1,78.1122,259.0228,225.5199,3,2,1,3,1,0,0,225.5199,242.961,1.1459,17.4411,20,
121,1,5,1,288,1,226.0248,138.1063,195.8701,3,1,2,1,0,1,0,226.0248,239.3739,1.2639,13.3491,20,
121,1,5,1,289,1,47.6866,346.025,257.1702,1,3,2,2,0,0,1,346.025,10.826,0.86796,24.8009,10,
121,1,5,1,290,1,255.8514,16.1753,286.3773,3,2,1,3,1,0,0,286.3773,304.2605,0.764,17.8832,20,
121,1,5,2,291,1,349.3358,227.2895,75.3881,3,2,1,3,1,0,0,75.3881,76.3548,1.4931,0.96669,40,
121,1,5,1,292,1,319.0399,138.68,47.8615,1,3,2,1,1,0,0,319.0399,298.2455,1.7569,-20.7944,20,
121,1,5,2,293,1,17.8224,197.7049,285.3446,2,3,1,2,1,0,0,197.7049,201.2093,1.875,3.5044,30,
121,1,5,2,294,1,136.7983,318.5965,47.6178,1,2,3,1,1,0,0,136.7983,125.5079,1.5138,-11.2904,30,
121,1,5,1,295,1,349.3807,317.1021,167.4383,2,3,1,2,1,0,0,317.1021,336.2507,1,19.1485,20,
121,1,5,1,296,1,347.6951,107.1422,78.0858,1,2,3,1,1,0,0,347.6951,330.5034,1.3611,-17.1917,20,
121,1,5,2,297,1,106.1613,138.6992,79.445,2,3,1,3,0,1,0,79.445,NaN,100000,999,0,
121,1,5,2,298,1,288.0368,346.7382,168.5887,1,3,2,1,1,0,0,288.0368,279.453,1.3335,-8.5838,30,
121,1,5,1,299,1,17.0838,46.4015,107.9905,3,1,2,3,1,0,0,107.9905,4.0247,1.1251,-103.9658,-20,
121,1,5,1,300,1,17.3153,196.0134,319.3477,3,2,1,3,1,0,0,319.3477,301.641,0.5,-17.7067,20,
121,1,6,1,301,1,45.4951,287.8549,136.6294,1,2,3,1,1,0,0,45.4951,65.1009,1.3542,19.6058,20,
121,1,6,1,302,1,107.8913,76.1721,229.053,2,1,3,2,1,0,0,76.1721,62.8037,0.69449,-13.3684,20,
121,1,6,2,303,1,106.1438,47.1176,346.368,1,2,3,1,1,0,0,106.1438,113.1636,0.77085,7.0198,30,
121,1,6,2,304,1,259.4514,345.1669,319.1952,3,2,1,2,0,1,0,345.1669,NaN,100000,999,0,
121,1,6,2,305,1,139.7065,46.2205,289.7856,3,2,1,3,1,0,0,289.7856,312.498,0.95835,22.7125,10,
121,1,6,2,306,1,197.0296,168.0219,135.474,2,3,1,2,1,0,0,168.0219,35.8844,0.93764,-132.1376,-20,
121,1,6,2,307,1,49.8498,257.8244,166.0884,3,1,2,3,1,0,0,166.0884,311.377,0.84039,145.2886,-20,
121,1,6,1,308,1,198.974,285.1935,78.6333,1,2,3,2,0,1,0,285.1935,303.9595,1.3403,18.7661,20,
121,1,6,1,309,1,289.2392,167.5231,105.0396,2,3,1,2,1,0,0,167.5231,156.4126,1.0001,-11.1105,30,
121,1,6,2,310,1,106.7246,258.5212,45.8043,3,2,1,1,0,0,1,106.7246,290.0601,1.3334,-176.6644,-20,
121,1,6,2,311,1,15.1837,317.6918,348.6861,2,1,3,1,0,1,0,15.1837,NaN,100000,999,0,
121,1,6,2,312,1,288.699,79.4648,315.1293,1,2,3,1,1,0,0,288.699,282.485,1.1112,-6.2139,30,
121,1,6,1,313,1,256.8029,345.9554,18.572,2,1,3,2,1,0,0,345.9554,358.965,0.9654,13.0096,20,
121,1,6,1,314,1,75.2546,105.2805,16.676,1,2,3,1,1,0,0,75.2546,70.2769,1.3885,-4.9777,30,
121,1,6,1,315,1,318.7016,256.2708,349.2279,2,3,1,3,0,1,0,349.2279,333.354,1.0764,-15.8739,20,
121,1,6,2,316,1,349.465,197.2675,317.8921,3,2,1,3,1,0,0,317.8921,322.8965,0.79862,5.0044,30,
121,1,6,2,317,1,346.1079,256.0198,18.1205,2,1,3,2,1,0,0,256.0198,301.0048,1.1389,44.985,-5,
121,1,6,1,318,1,75.2573,226.5375,109.8272,1,3,2,1,1,0,0,75.2573,66.9096,1.0209,-8.3477,30,
121,1,6,1,319,1,197.9838,287.9315,319.8425,3,2,1,3,1,0,0,319.8425,333.1431,0.81245,13.3006,20,
121,1,6,2,320,1,48.7756,106.4761,138.2,1,2,3,3,0,0,1,138.2,159.3805,1.0421,21.1805,10,
121,1,6,2,321,1,169.8808,198.9077,109.6779,1,3,2,1,1,0,0,169.8808,145.2783,0.99995,-24.6025,10,
121,1,6,2,322,1,349.5362,48.7611,196.4309,3,1,2,1,0,1,0,349.5362,NaN,100000,999,0,
121,1,6,1,323,1,316.1507,226.7927,75.6717,2,3,1,2,1,0,0,226.7927,54.4476,1.0556,-172.3451,-20,
121,1,6,2,324,1,288.2859,107.6416,139.1289,1,2,3,1,1,0,0,288.2859,276.6806,1.2154,-11.6053,30,
121,1,6,1,325,1,138.4063,258.5727,167.2989,1,2,3,1,1,0,0,138.4063,120.2625,0.85428,-18.1437,20,
121,1,6,1,326,1,288.2823,166.5497,106.6582,3,2,1,3,1,0,0,106.6582,128.6915,1.2019,22.0333,10,
121,1,6,2,327,1,197.2045,49.3788,319.3248,3,1,2,1,0,1,0,197.2045,NaN,100000,999,0,
121,1,6,1,328,1,108.3806,229.378,138.7858,3,1,2,3,1,0,0,138.7858,319.6882,0.93754,-179.0976,-20,
121,1,6,1,329,1,258.4234,317.7728,165.0302,3,1,2,3,1,0,0,165.0302,159.0219,3.1738,-6.0083,30,
121,1,6,2,330,1,345.8311,316.8297,108.5911,2,1,3,3,0,0,1,108.5911,111.8523,1.0897,3.2612,30,
121,1,6,2,331,1,169.7499,18.1234,346.0347,2,1,3,2,1,0,0,18.1234,53.8085,0.93754,35.6851,0,
121,1,6,1,332,1,165.072,106.7201,17.6683,3,1,2,2,0,0,1,106.7201,121.3747,0.94448,14.6545,20,
121,1,6,2,333,1,288.8196,109.7382,256.6677,3,1,2,3,1,0,0,256.6677,13.6898,1.1181,117.0221,-20,
121,1,6,2,334,1,199.3231,348.8332,47.8218,2,3,1,2,1,0,0,348.8332,5.1507,0.85412,16.3175,20,
121,1,6,2,335,1,348.0129,15.9213,315.9875,2,1,3,2,1,0,0,15.9213,18.3472,0.69447,2.4259,40,
121,1,6,2,336,1,226.3705,49.9895,199.1718,3,2,1,1,0,0,1,226.3705,241.3693,1.5348,14.9988,20,
121,1,6,2,337,1,106.6692,316.0266,77.4718,1,3,2,1,1,0,0,106.6692,118.4097,1.257,11.7405,30,
121,1,6,1,338,1,16.3624,348.8791,226.6571,2,1,3,2,1,0,0,348.8791,339.4701,1.2848,-9.409,30,
121,1,6,1,339,1,229.2017,288.1251,76.276,1,3,2,1,1,0,0,229.2017,235.9779,0.88893,6.7762,30,
121,1,6,1,340,1,228.3734,289.5699,169.1048,1,3,2,3,0,1,0,169.1048,164.8237,1.1181,-4.2811,30,
121,1,6,2,341,1,49.7958,79.6512,346.8286,2,1,3,3,0,0,1,346.8286,333.6259,0.83363,-13.2027,20,
121,1,6,1,342,1,228.5686,168.6225,346.7211,3,2,1,3,1,0,0,346.7211,335.8592,0.86808,-10.8619,30,
121,1,6,1,343,1,16.8305,315.7501,289.7316,1,3,2,2,0,0,1,315.7501,359.1716,0.87506,43.4215,-5,
121,1,6,1,344,1,195.266,319.2182,77.9734,2,1,3,3,0,0,1,77.9734,32.5406,1.5,-45.4328,-5,
121,1,6,2,345,1,135.8133,287.1405,165.2093,3,1,2,3,1,0,0,165.2093,26.0308,1.0907,-139.1785,-20,
121,1,6,1,346,1,316.6591,136.6806,19.7667,1,3,2,1,1,0,0,316.6591,326.2652,1.3751,9.6061,30,
121,1,6,2,347,1,316.4851,227.1179,347.6421,2,1,3,2,1,0,0,227.1179,215.8659,1.7987,-11.252,30,
121,1,6,2,348,1,166.9591,106.0348,18.6226,1,2,3,3,0,0,1,18.6226,17.9483,1.0348,-0.67431,40,
121,1,6,1,349,1,107.9431,165.5043,317.062,2,3,1,2,1,0,0,165.5043,176.3731,1.0559,10.8688,30,
121,1,6,1,350,1,45.6649,135.3515,108.5304,1,3,2,2,0,0,1,135.3515,169.2488,0.63265,33.8972,0,
121,1,6,1,351,1,196.126,347.9051,48.0069,2,3,1,2,1,0,0,347.9051,332.2646,0.73661,-15.6405,20,
121,1,6,2,352,1,78.2464,139.6109,16.6534,1,2,3,1,1,0,0,78.2464,95.9014,0.9167,17.6551,20,
121,1,6,1,353,1,258.7347,79.7226,289.5986,2,1,3,2,1,0,0,79.7226,88.7146,0.65977,8.9919,30,
121,1,6,1,354,1,228.7184,17.0615,287.5381,2,1,3,2,1,0,0,17.0615,54.0864,0.79861,37.0249,0,
121,1,6,1,355,1,347.7318,17.2132,48.4575,2,1,3,1,0,1,0,347.7318,304.7251,1.4301,-43.0068,-5,
121,1,6,1,356,1,108.8948,227.9023,197.5162,3,1,2,3,1,0,0,197.5162,202.4685,0.79165,4.9524,30,
121,1,6,2,357,1,287.5995,78.8316,106.6811,1,3,2,3,0,1,0,106.6811,NaN,100000,999,0,
121,1,6,2,358,1,347.8524,165.1817,196.3237,2,1,3,2,1,0,0,165.1817,148.5573,0.97954,-16.6243,20,
121,1,6,1,359,1,195.3986,287.8607,229.1589,3,2,1,3,1,0,0,229.1589,194.7693,0.87503,-34.3896,0,
121,1,6,1,360,1,315.2457,259.3614,19.3001,1,3,2,1,1,0,0,315.2457,175.8764,1.4518,-139.3693,-20,
121,1,7,1,361,1,166.2972,136.729,319.5148,3,2,1,1,0,0,1,166.2972,159.2662,0.81255,-7.031,30,
121,1,7,1,362,1,18.1058,287.4495,46.1023,1,2,3,1,1,0,0,18.1058,54.4962,1.1179,36.3904,0,
121,1,7,1,363,1,16.3487,229.6593,288.4819,2,3,1,2,1,0,0,229.6593,223.5813,1.014,-6.078,30,
121,1,7,2,364,1,195.5557,16.0685,45.1818,3,1,2,1,0,1,0,195.5557,NaN,100000,999,0,
121,1,7,2,365,1,259.9819,346.5723,139.0461,1,2,3,1,1,0,0,259.9819,267.3698,0.90979,7.3879,30,
121,1,7,1,366,1,199.8612,138.7296,225.9998,1,3,2,1,1,0,0,199.8612,268.4322,0.8057,68.571,-20,
121,1,7,1,367,1,16.4989,288.9384,47.1851,1,2,3,2,0,1,0,288.9384,262.534,1.2709,-26.4044,10,
121,1,7,2,368,1,196.5085,138.0373,227.3099,3,1,2,3,1,0,0,227.3099,33.2864,1.2084,165.9766,-20,
121,1,7,2,369,1,105.4003,169.6912,229.8724,2,3,1,1,0,0,1,105.4003,107.8465,0.84028,2.4462,40,
121,1,7,2,370,1,135.2685,195.2358,255.2793,1,2,3,1,1,0,0,135.2685,107.8854,1.1042,-27.383,10,
121,1,7,1,371,1,46.4615,165.9362,18.7157,3,1,2,1,0,1,0,46.4615,59.9201,0.90289,13.4586,20,
121,1,7,1,372,1,105.5302,315.0304,46.3752,1,2,3,1,1,0,0,105.5302,108.8517,0.86813,3.3215,30,
121,1,7,2,373,1,287.9031,316.4649,77.1943,3,1,2,2,0,0,1,316.4649,298.3946,0.88199,-18.0703,20,
121,1,7,2,374,1,167.6794,226.4744,49.5144,2,3,1,2,1,0,0,226.4744,252.5924,1.1597,26.118,10,
121,1,7,1,375,1,319.3742,17.3007,75.0153,2,1,3,2,1,0,0,17.3007,29.077,0.93061,11.7763,30,
121,1,7,2,376,1,286.9504,259.1341,139.7703,3,1,2,2,0,0,1,259.1341,256.5356,1.0416,-2.5985,40,
121,1,7,1,377,1,199.5077,106.9802,138.4638,3,2,1,3,1,0,0,138.4638,144.2193,1.1528,5.7555,30,
121,1,7,1,378,1,46.004,17.9909,135.4185,1,2,3,2,0,1,0,17.9909,35.0449,0.81989,17.0541,20,
121,1,7,1,379,1,75.7945,346.3417,288.7856,3,1,2,3,1,0,0,288.7856,144.1555,2.1876,-144.6301,-20,
121,1,7,1,380,1,226.4943,258.5684,166.8024,1,3,2,1,1,0,0,226.4943,221.1006,0.94434,-5.3937,30,
121,1,7,2,381,1,78.0094,225.9925,138.2838,2,3,1,2,1,0,0,225.9925,230.4376,0.93059,4.445,30,
121,1,7,2,382,1,229.0543,75.2421,257.0735,2,3,1,2,1,0,0,75.2421,60.7712,0.95871,-14.4709,20,
121,1,7,1,383,1,288.0907,45.35,105.7134,3,2,1,3,1,0,0,105.7134,117.7691,1.0138,12.0557,20,
121,1,7,1,384,1,107.4771,286.5674,76.6175,1,3,2,1,1,0,0,107.4771,110.9548,0.81945,3.4777,30,
121,1,7,1,385,1,286.6283,135.4497,319.0516,1,3,2,1,1,0,0,286.6283,283.4906,0.83437,-3.1377,30,
121,1,7,2,386,1,108.9677,346.3654,199.1146,3,1,2,2,0,0,1,346.3654,156.2263,1.0834,169.8609,-20,
121,1,7,1,387,1,109.5461,225.9689,317.2399,2,3,1,2,1,0,0,225.9689,202.1678,1.0208,-23.8011,10,
121,1,7,2,388,1,105.6937,345.8327,257.4697,1,3,2,1,1,0,0,105.6937,113.6294,0.60437,7.9356,30,
121,1,7,2,389,1,255.4981,19.0292,228.2973,2,3,1,2,1,0,0,19.0292,7.8773,0.97919,-11.1519,30,
121,1,7,2,390,1,349.6414,167.6011,227.3206,2,1,3,2,1,0,0,167.6011,354.2765,1.1599,-173.3246,-20,
121,1,7,2,391,1,349.1685,255.8483,289.7663,1,3,2,1,1,0,0,349.1685,345.3425,1.1042,-3.826,30,
121,1,7,2,392,1,288.8974,49.947,257.4378,3,2,1,2,0,1,0,49.947,NaN,100000,999,0,
121,1,7,1,393,1,349.3279,17.1769,225.8604,3,1,2,3,1,0,0,225.8604,208.8888,0.70169,-16.9716,20,
121,1,7,2,394,1,17.9045,258.506,289.0233,2,3,1,3,0,1,0,289.0233,NaN,100000,999,0,
121,1,7,1,395,1,199.9029,346.0338,49.9163,3,2,1,1,0,0,1,199.9029,186.7894,1.118,-13.1135,20,
121,1,7,2,396,1,167.0528,225.0517,46.5503,2,3,1,3,0,1,0,46.5503,NaN,100000,999,0,
121,1,7,2,397,1,196.7641,17.0008,137.9896,1,2,3,3,0,0,1,137.9896,138.7459,1.8406,0.75631,40,
121,1,7,1,398,1,75.1454,318.377,45.558,3,2,1,3,1,0,0,45.558,31.536,0.96482,-14.022,20,
121,1,7,2,399,1,15.3932,286.5112,346.502,1,3,2,3,0,1,0,346.502,NaN,100000,999,0,
121,1,7,1,400,1,16.8022,47.5076,228.7384,1,3,2,1,1,0,0,16.8022,336.8648,1.3959,-39.9374,0,
121,1,7,1,401,1,77.5839,348.2008,109.3448,2,1,3,2,1,0,0,348.2008,19.7119,0.7848,31.5111,0,
121,1,7,2,402,1,76.1528,168.4338,225.2454,3,1,2,3,1,0,0,225.2454,226.2511,1.0834,1.0057,40,
121,1,7,1,403,1,225.9456,169.8928,286.2686,3,2,1,3,1,0,0,286.2686,284.0323,0.90279,-2.2363,40,
121,1,7,1,404,1,226.7372,138.8695,316.4264,3,1,2,2,0,0,1,138.8695,139.7698,2.375,0.90039,40,
121,1,7,2,405,1,227.9462,169.6945,49.4775,3,2,1,3,1,0,0,49.4775,18.2376,1.3333,-31.2399,0,
121,1,7,1,406,1,136.2302,288.6391,346.441,2,3,1,2,1,0,0,288.6391,309.2891,1.2431,20.65,20,
121,1,7,1,407,1,46.5738,79.4286,16.4777,1,3,2,1,1,0,0,46.5738,192.6629,0.92362,146.0891,-20,
121,1,7,2,408,1,138.5187,167.4064,109.1029,3,1,2,3,1,0,0,109.1029,55.6366,0.97918,-53.4663,-10,
121,1,7,2,409,1,78.6565,166.2331,195.4092,1,2,3,1,1,0,0,78.6565,136.6697,0.91673,58.0132,-10,
121,1,7,2,410,1,256.9681,288.0092,345.1194,3,2,1,3,1,0,0,345.1194,334.499,1.1945,-10.6204,30,
121,1,7,1,411,1,48.0699,139.503,286.2639,1,3,2,1,1,0,0,48.0699,70.6224,2.6738,22.5525,10,
121,1,7,2,412,1,15.7773,47.0854,347.7724,2,3,1,2,1,0,0,47.0854,49.4794,0.99317,2.394,40,
121,1,7,2,413,1,19.6984,345.0013,257.194,1,3,2,1,1,0,0,19.6984,357.3536,1.4306,-22.3447,10,
121,1,7,2,414,1,18.3449,227.3656,198.2469,2,3,1,2,1,0,0,227.3656,40.7975,0.55567,173.4319,-20,
121,1,7,2,415,1,257.6685,47.3631,226.6191,1,2,3,1,1,0,0,257.6685,319.4492,1.0417,61.7807,-20,
121,1,7,2,416,1,196.7704,167.5524,318.4735,2,1,3,2,1,0,0,167.5524,149.9019,0.70145,-17.6505,20,
121,1,7,2,417,1,256.6875,317.1472,138.9689,1,3,2,1,1,0,0,256.6875,252.2508,0.70835,-4.4367,30,
121,1,7,2,418,1,136.8677,15.3941,315.1546,3,2,1,3,1,0,0,315.1546,307.3033,1.0279,-7.8513,30,
121,1,7,2,419,1,168.0793,137.8046,286.3993,3,2,1,2,0,1,0,137.8046,NaN,100000,999,0,
121,1,7,1,420,1,77.8384,256.546,18.7357,3,1,2,1,0,1,0,77.8384,78.4001,0.84727,0.56162,40,
121,1,8,2,421,1,168.9414,287.692,78.7084,2,3,1,2,1,0,0,287.692,292.0801,0.73582,4.388,30,
121,1,8,1,422,1,319.9134,258.4111,199.3545,3,2,1,1,0,0,1,319.9134,290.9951,0.84723,-28.9183,10,
121,1,8,2,423,1,315.8523,288.3855,79.5121,2,1,3,2,1,0,0,288.3855,319.3925,1.4375,31.007,0,
121,1,8,2,424,1,48.7417,317.0991,18.6874,1,2,3,3,0,0,1,18.6874,18.9523,0.84028,0.26495,40,
121,1,8,1,425,1,166.1283,75.5797,345.6698,2,1,3,2,1,0,0,75.5797,59.7848,0.66693,-15.7949,20,
121,1,8,1,426,1,137.609,287.273,109.8335,3,1,2,1,0,1,0,137.609,150.244,1.1459,12.6349,20,
121,1,8,2,427,1,105.4731,255.9398,18.3392,3,2,1,3,1,0,0,18.3392,348.0255,0.89033,-30.3137,0,
121,1,8,2,428,1,225.8905,109.7462,75.9981,2,3,1,2,1,0,0,109.7462,126.7592,0.77097,17.013,20,
121,1,8,2,429,1,48.7504,315.0745,255.7112,3,1,2,3,1,0,0,255.7112,343.41,1.1112,87.6987,-20,
121,1,8,1,430,1,228.6942,15.5162,79.8572,1,3,2,1,1,0,0,228.6942,205.7236,1.0278,-22.9706,10,
121,1,8,2,431,1,48.0845,138.4495,196.1721,3,2,1,2,0,1,0,138.4495,NaN,100000,999,0,
121,1,8,2,432,1,49.1122,19.6342,258.1878,3,1,2,3,1,0,0,258.1878,271.2315,0.68747,13.0436,20,
121,1,8,1,433,1,16.4614,76.4584,46.2275,2,1,3,2,1,0,0,76.4584,57.8505,0.84736,-18.6079,20,
121,1,8,1,434,1,226.7257,136.4572,258.5176,1,2,3,1,1,0,0,226.7257,213.4898,0.86121,-13.2359,20,
121,1,8,2,435,1,135.2062,259.011,168.3576,1,2,3,1,1,0,0,135.2062,150.8076,0.71533,15.6014,20,
121,1,8,1,436,1,48.2049,288.2445,18.3919,3,2,1,3,1,0,0,18.3919,351.4275,0.63888,-26.9644,10,
121,1,8,1,437,1,16.2431,228.3815,78.2425,1,3,2,3,0,1,0,78.2425,88.7757,1.0764,10.5333,30,
121,1,8,1,438,1,108.7436,196.5733,345.9359,3,1,2,3,1,0,0,345.9359,328.6525,0.85423,-17.2834,20,
121,1,8,2,439,1,199.0391,316.7755,227.7388,3,2,1,3,1,0,0,227.7388,231.6712,1.6042,3.9324,30,
121,1,8,1,440,1,105.7616,196.7613,48.2255,2,1,3,2,1,0,0,196.7613,184.9919,1.1742,-11.7694,30,
121,1,8,1,441,1,198.0304,108.3873,49.9382,2,1,3,3,0,0,1,49.9382,23.3041,1.2362,-26.6341,10,
121,1,8,1,442,1,227.2143,259.2275,286.949,1,3,2,1,1,0,0,227.2143,237.5514,1.3613,10.3371,30,
121,1,8,2,443,1,226.5838,346.4061,109.1006,3,2,1,3,1,0,0,109.1006,298.4097,0.88194,-170.6909,-20,
121,1,8,2,444,1,227.9302,166.1371,78.9233,1,2,3,1,1,0,0,227.9302,232.8942,0.91675,4.964,30,
121,1,8,1,445,1,287.5678,229.3324,259.9024,1,2,3,2,0,1,0,229.3324,209.2364,0.96535,-20.096,20,
121,1,8,2,446,1,317.5369,345.1212,47.7502,2,1,3,2,1,0,0,345.1212,187.4165,1.1389,-157.7047,-20,
121,1,8,2,447,1,106.5679,257.7666,228.9602,1,2,3,1,1,0,0,106.5679,129.8112,0.79276,23.2433,10,
121,1,8,1,448,1,106.1502,165.5852,199.9489,1,3,2,1,1,0,0,106.1502,100.5615,0.82671,-5.5887,30,
121,1,8,1,449,1,48.8504,19.7056,135.6573,1,2,3,1,1,0,0,48.8504,62.7995,1.0835,13.949,20,
121,1,8,2,450,1,198.8423,168.9218,15.1446,3,1,2,2,0,0,1,168.9218,153.2249,1.2153,-15.6969,20,
121,1,8,1,451,1,15.8404,256.6994,165.3372,1,3,2,1,1,0,0,15.8404,182.6133,0.86808,166.7729,-20,
121,1,8,2,452,1,195.5065,345.3593,169.5226,1,3,2,2,0,0,1,345.3593,171.5156,1.0141,-173.8438,-20,
121,1,8,1,453,1,319.693,345.1724,289.3978,2,3,1,2,1,0,0,345.1724,334.8021,0.98613,-10.3703,30,
121,1,8,2,454,1,285.7635,108.7898,169.3825,1,2,3,1,1,0,0,285.7635,289.3056,1.132,3.5421,30,
121,1,8,2,455,1,318.0845,285.4074,228.0476,1,3,2,1,1,0,0,318.0845,292.1028,1.0695,-25.9817,10,
121,1,8,1,456,1,165.3488,345.6044,138.3893,3,1,2,2,0,0,1,345.6044,347.0931,1.4863,1.4887,40,
121,1,8,1,457,1,78.3482,285.2992,316.9214,2,1,3,2,1,0,0,285.2992,275.438,1.3542,-9.8612,30,
121,1,8,2,458,1,139.7829,286.6987,259.7998,1,3,2,1,1,0,0,139.7829,149.3842,0.75698,9.6013,30,
121,1,8,1,459,1,45.0772,166.0502,347.6823,3,1,2,1,0,1,0,45.0772,67.3894,0.88895,22.3121,10,
121,1,8,1,460,1,166.3264,19.6424,255.3212,2,1,3,2,1,0,0,19.6424,42.3893,0.82645,22.747,10,
121,1,8,2,461,1,288.5216,227.4851,138.048,1,3,2,2,0,0,1,227.4851,44.8659,0.8128,177.3807,-20,
121,1,8,2,462,1,138.9113,75.5052,16.4055,1,3,2,3,0,1,0,16.4055,NaN,100000,999,0,
121,1,8,1,463,1,285.5432,105.4453,45.5756,2,1,3,2,1,0,0,105.4453,58.8187,0.56259,-46.6265,-5,
121,1,8,2,464,1,349.8927,17.5913,167.5388,3,2,1,1,0,0,1,349.8927,315.8217,1.2154,-34.071,0,
121,1,8,1,465,1,46.2288,258.3809,106.3065,2,3,1,2,1,0,0,258.3809,245.132,1.3814,-13.2489,20,
121,1,8,2,466,1,259.6277,225.2851,289.9701,3,1,2,3,1,0,0,289.9701,283.3608,0.88892,-6.6093,30,
121,1,8,2,467,1,105.2002,166.5458,79.8355,1,2,3,1,1,0,0,105.2002,140.7771,0.71533,35.5769,0,
121,1,8,2,468,1,196.0011,318.8914,347.0364,3,2,1,3,1,0,0,347.0364,334.11,0.71536,-12.9264,20,
121,1,8,1,469,1,318.2473,227.1031,47.9822,2,1,3,3,0,0,1,47.9822,41.6948,0.7708,-6.2874,30,
121,1,8,2,470,1,75.4633,348.3016,106.8884,1,3,2,1,1,0,0,75.4633,94.8315,0.93114,19.3682,20,
121,1,8,1,471,1,19.4808,288.7079,168.3237,1,2,3,1,1,0,0,19.4808,23.1766,1.0764,3.6958,30,
121,1,8,2,472,1,255.0507,345.4584,228.0372,1,2,3,1,1,0,0,255.0507,246.3533,1.3825,-8.6974,30,
121,1,8,1,473,1,285.6991,19.0543,106.2643,3,2,1,1,0,0,1,285.6991,285.7022,3.2495,0.0031236,40,
121,1,8,2,474,1,15.7108,138.4646,226.9682,1,3,2,1,1,0,0,15.7108,14.2392,0.96531,-1.4716,40,
121,1,8,1,475,1,226.7198,109.0004,17.8554,1,3,2,1,1,0,0,226.7198,214.2784,1.1182,-12.4414,20,
121,1,8,1,476,1,137.1462,45.9374,256.5152,2,3,1,1,0,0,1,137.1462,218.0765,0.78498,80.9303,-20,
121,1,8,1,477,1,315.6537,197.3074,167.2008,2,1,3,1,0,1,0,315.6537,306.7979,1.5,-8.8558,30,
121,1,8,2,478,1,138.8972,45.8441,105.1123,2,3,1,3,0,1,0,105.1123,NaN,100000,999,0,
121,1,8,1,479,1,317.0649,78.1406,137.7177,3,1,2,3,1,0,0,137.7177,143.3281,1.257,5.6105,30,
121,1,8,1,480,1,106.557,345.9639,196.3773,1,2,3,1,1,0,0,106.557,143.0401,0.78501,36.4831,0,
