Subject,Session,Block,Condition,Trial,whetherCued,leftStim,rightStim,midStim,remCueLoc,fogCueLoc,neutralCueLoc,probeCueLoc,probeRem,probeForget,probeNeutral,Target,Estimate,RT,Error,Points
119,1,1,2,1,1,199.0272,138.7553,108.9922,1,3,2,2,0,0,1,138.7553,132.3677,1.7008,-6.3875,30,
119,1,1,1,2,1,349.9449,258.1077,109.8719,2,3,1,2,1,0,0,258.1077,236.6121,1.1804,-21.4956,10,
119,1,1,2,3,1,48.4376,138.3,108.8737,3,1,2,3,1,0,0,108.8737,101.1885,1.2915,-7.6852,30,
119,1,1,2,4,1,75.4397,136.6579,49.2398,3,2,1,3,1,0,0,49.2398,68.0406,1.4305,18.8009,20,
119,1,1,1,5,1,19.6884,45.5874,78.9711,3,2,1,1,0,0,1,19.6884,42.7398,1.736,23.0514,10,
119,1,1,1,6,1,46.3157,197.4787,19.9571,3,1,2,3,1,0,0,19.9571,35.9628,1.9511,16.0056,20,
119,1,1,2,7,1,75.0673,19.318,45.9407,1,3,2,3,0,1,0,45.9407,NaN,100000,999,0,
119,1,1,2,8,1,347.8737,288.2109,46.2452,2,3,1,2,1,0,0,288.2109,321.3803,1.0554,33.1694,0,
119,1,1,2,9,1,348.3898,257.7643,289.0295,1,2,3,1,1,0,0,348.3898,10.8531,1.3194,22.4633,10,
119,1,1,1,10,1,229.9635,76.344,17.7555,2,1,3,2,1,0,0,76.344,115.6047,1.0902,39.2606,0,
119,1,1,2,11,1,18.6329,165.1459,287.7635,1,3,2,1,1,0,0,18.6329,7.8655,1.4235,-10.7674,30,
119,1,1,1,12,1,347.4255,165.6447,78.3637,2,3,1,2,1,0,0,165.6447,140.4652,1.493,-25.1794,10,
119,1,1,1,13,1,138.907,49.6167,226.9702,3,2,1,3,1,0,0,226.9702,216.799,1.7084,-10.1712,30,
119,1,1,1,14,1,345.0138,319.9178,139.6024,3,1,2,2,0,0,1,319.9178,335.7547,1.4513,15.837,20,
119,1,1,1,15,1,255.3513,165.6225,139.8421,3,2,1,1,0,0,1,255.3513,250.5899,1.132,-4.7614,30,
119,1,1,1,16,1,286.6106,106.2219,315.1116,1,3,2,1,1,0,0,286.6106,305.3587,1.1388,18.7481,20,
119,1,1,2,17,1,348.391,16.4916,255.5267,1,2,3,1,1,0,0,348.391,329.0388,1.0833,-19.3521,20,
119,1,1,1,18,1,318.3202,288.23,256.7194,2,3,1,2,1,0,0,288.23,311.7073,0.95825,23.4773,10,
119,1,1,1,19,1,349.2959,137.969,79.3069,1,3,2,2,0,0,1,137.969,102.4705,1.9717,-35.4986,0,
119,1,1,1,20,1,346.7386,45.3638,317.7222,2,1,3,1,0,1,0,346.7386,333.1603,1.4513,-13.5784,20,
119,1,1,1,21,1,76.7555,287.6139,106.6759,3,1,2,3,1,0,0,106.6759,98.7696,1.5624,-7.9063,30,
119,1,1,1,22,1,18.6894,198.1957,105.1766,2,3,1,2,1,0,0,198.1957,220.6225,1.4237,22.4268,10,
119,1,1,2,23,1,348.9436,106.4615,79.1972,2,1,3,2,1,0,0,106.4615,101.6715,1.736,-4.7901,30,
119,1,1,2,24,1,169.0516,75.5131,46.0638,1,3,2,3,0,1,0,46.0638,NaN,100000,999,0,
119,1,1,1,25,1,165.5465,289.3331,229.1076,2,3,1,2,1,0,0,289.3331,306.5081,1.361,17.175,20,
119,1,1,2,26,1,19.4371,229.7639,106.9583,2,3,1,2,1,0,0,229.7639,234.9403,1.5625,5.1765,30,
119,1,1,2,27,1,139.8435,228.7624,49.7464,3,1,2,3,1,0,0,49.7464,66.2788,1.4028,16.5323,20,
119,1,1,2,28,1,317.8719,77.8722,167.8858,1,3,2,1,1,0,0,317.8719,299.1781,1.0901,-18.6937,20,
119,1,1,1,29,1,78.3346,47.7169,225.4464,1,2,3,2,0,1,0,47.7169,59.7629,0.88191,12.046,20,
119,1,1,2,30,1,318.5899,17.0527,258.0229,3,1,2,3,1,0,0,258.0229,33.2258,0.93748,135.2029,-10,
119,1,1,1,31,1,105.2206,227.9506,286.239,2,3,1,2,1,0,0,227.9506,47.7559,0.85413,179.8053,-10,
119,1,1,2,32,1,107.2414,349.113,77.3627,1,2,3,1,1,0,0,107.2414,90.4702,1.4583,-16.7711,20,
119,1,1,1,33,1,228.3729,138.6265,286.1113,2,3,1,2,1,0,0,138.6265,255.3093,1.4583,116.6828,-10,
119,1,1,2,34,1,287.3987,228.4156,138.5902,3,2,1,3,1,0,0,138.5902,131.3814,0.90262,-7.2089,30,
119,1,1,1,35,1,167.5938,47.4742,256.233,3,2,1,3,1,0,0,256.233,241.7493,0.88184,-14.4838,20,
119,1,1,1,36,1,197.5907,16.2803,45.0807,2,1,3,2,1,0,0,16.2803,40.8364,1.4929,24.5561,10,
119,1,1,1,37,1,167.5197,288.6733,318.2401,3,1,2,3,1,0,0,318.2401,321.1015,0.87496,2.8614,40,
119,1,1,2,38,1,18.0397,287.3873,78.0579,3,1,2,3,1,0,0,78.0579,75.2543,1.0072,-2.8036,40,
119,1,1,1,39,1,225.953,287.1096,316.0384,2,1,3,2,1,0,0,287.1096,299.3631,1.4444,12.2534,20,
119,1,1,2,40,1,139.3711,167.7485,16.6901,3,1,2,3,1,0,0,16.6901,33.1828,1.2084,16.4927,20,
119,1,1,2,41,1,229.1813,169.2905,258.8636,1,2,3,1,1,0,0,229.1813,241.9636,1.0692,12.7824,20,
119,1,1,2,42,1,255.7824,286.3618,315.9136,1,2,3,1,1,0,0,255.7824,250.5699,0.96522,-5.2125,30,
119,1,1,2,43,1,258.8982,76.8274,19.8158,2,3,1,2,1,0,0,76.8274,68.3047,1.4582,-8.5227,30,
119,1,1,2,44,1,197.1979,288.2877,167.3028,2,3,1,2,1,0,0,288.2877,330.5405,2.0555,42.2527,-2.5,
119,1,1,2,45,1,107.3161,228.5891,17.1422,3,1,2,3,1,0,0,17.1422,9.5113,0.90968,-7.6309,30,
119,1,1,1,46,1,228.5325,167.2128,319.108,1,3,2,1,1,0,0,228.5325,236.7181,1.2776,8.1857,30,
119,1,1,2,47,1,109.3358,345.4265,195.3416,3,1,2,3,1,0,0,195.3416,179.5029,2.4443,-15.8387,20,
119,1,1,1,48,1,168.8189,346.942,105.7392,2,3,1,2,1,0,0,346.942,350.104,1.7292,3.162,30,
119,1,1,2,49,1,106.0748,195.7456,137.8023,2,1,3,3,0,0,1,137.8023,129.2694,1.7221,-8.5329,30,
119,1,1,1,50,1,286.2338,165.9324,17.6315,3,2,1,3,1,0,0,17.6315,12.0145,2.9096,-5.617,30,
119,1,1,1,51,1,165.9856,316.2696,257.2483,3,2,1,2,0,1,0,316.2696,330.8075,2.8956,14.5379,20,
119,1,1,2,52,1,287.5351,228.0752,317.0104,1,2,3,1,1,0,0,287.5351,270.4043,1.5069,-17.1308,20,
119,1,1,1,53,1,196.3806,227.6699,105.1129,1,3,2,2,0,0,1,227.6699,232.4424,1.3611,4.7726,30,
119,1,1,2,54,1,138.994,227.7143,49.5892,1,2,3,1,1,0,0,138.994,289.8807,1.007,150.8867,-10,
119,1,1,1,55,1,195.6989,138.3447,17.3334,3,1,2,3,1,0,0,17.3334,40.4018,0.79167,23.0684,10,
119,1,1,2,56,1,289.1779,136.2211,259.8061,1,3,2,3,0,1,0,259.8061,NaN,100000,999,0,
119,1,1,1,57,1,195.3615,289.0729,169.4216,1,2,3,1,1,0,0,195.3615,220.45,0.97187,25.0886,10,
119,1,1,1,58,1,316.9242,286.8761,109.8646,1,2,3,1,1,0,0,316.9242,1.1711,0.93743,44.2469,-2.5,
119,1,1,2,59,1,198.0146,286.429,77.6979,2,1,3,2,1,0,0,286.429,292.8413,1.2707,6.4123,30,
119,1,1,2,60,1,256.5136,289.3243,199.6366,1,2,3,1,1,0,0,256.5136,214.3351,0.97911,-42.1784,-2.5,
119,1,2,1,61,1,46.6557,286.6441,75.7421,2,3,1,1,0,0,1,46.6557,86.7866,0.86111,40.1309,-2.5,
119,1,2,1,62,1,107.0582,136.3691,49.4237,2,1,3,2,1,0,0,136.3691,133.5996,0.69446,-2.7695,40,
119,1,2,2,63,1,166.1288,79.6817,348.1141,1,2,3,2,0,1,0,79.6817,NaN,100000,999,0,
119,1,2,2,64,1,195.0075,256.0974,286.9404,2,3,1,3,0,1,0,286.9404,NaN,100000,999,0,
119,1,2,1,65,1,105.1565,347.4042,195.7705,1,2,3,1,1,0,0,105.1565,103.329,1.1872,-1.8274,40,
119,1,2,2,66,1,196.7083,109.5769,285.8561,3,1,2,3,1,0,0,285.8561,297.1275,1.4998,11.2714,30,
119,1,2,1,67,1,135.7283,318.5957,18.7757,3,2,1,1,0,0,1,135.7283,117.7341,0.99993,-17.9942,20,
119,1,2,2,68,1,45.6996,137.2259,318.2302,3,2,1,1,0,0,1,45.6996,48.4732,1.4999,2.7736,40,
119,1,2,1,69,1,197.6775,15.3731,285.7668,3,1,2,3,1,0,0,285.7668,296.9903,1.2774,11.2235,30,
119,1,2,1,70,1,169.1006,345.8924,285.8969,3,1,2,3,1,0,0,285.8969,286.416,0.89579,0.51915,40,
119,1,2,1,71,1,169.9764,319.1875,18.7503,2,3,1,2,1,0,0,319.1875,335.8399,1.7291,16.6524,20,
119,1,2,1,72,1,256.4035,289.4423,346.5297,3,2,1,3,1,0,0,346.5297,356.0902,1.2291,9.5605,30,
119,1,2,1,73,1,137.373,48.7155,288.3541,1,2,3,1,1,0,0,137.373,133.0241,2.6804,-4.3489,30,
119,1,2,1,74,1,199.3429,18.7426,288.7286,2,3,1,1,0,0,1,199.3429,203.9493,2.111,4.6064,30,
119,1,2,2,75,1,166.0407,226.2487,317.4312,1,3,2,1,1,0,0,166.0407,161.6955,0.88186,-4.3452,30,
119,1,2,1,76,1,135.706,18.0233,168.9529,2,3,1,3,0,1,0,168.9529,140.852,1.6527,-28.1009,10,
119,1,2,2,77,1,47.6514,79.636,346.0497,1,3,2,1,1,0,0,47.6514,33.0604,1.4167,-14.591,20,
119,1,2,2,78,1,289.5679,345.2025,226.1396,1,2,3,3,0,0,1,226.1396,214.7326,1.4999,-11.4071,30,
119,1,2,2,79,1,199.3663,229.1174,289.9941,1,3,2,1,1,0,0,199.3663,212.5931,0.54169,13.2268,20,
119,1,2,2,80,1,195.2945,286.0125,225.4368,3,1,2,2,0,0,1,286.0125,313.7098,1.486,27.6974,10,
119,1,2,1,81,1,345.4538,79.0279,167.7349,3,2,1,3,1,0,0,167.7349,154.4089,1.7846,-13.326,20,
119,1,2,2,82,1,168.2779,108.1682,47.009,3,2,1,3,1,0,0,47.009,53.2887,1.0695,6.2797,30,
119,1,2,2,83,1,288.3565,349.7246,318.2815,3,1,2,3,1,0,0,318.2815,305.9356,1.0903,-12.3459,20,
119,1,2,1,84,1,227.8856,49.8072,315.3169,3,2,1,1,0,0,1,227.8856,215.7341,1.0207,-12.1515,20,
119,1,2,2,85,1,257.9958,79.3898,315.5796,3,1,2,3,1,0,0,315.5796,314.5128,0.65969,-1.0667,40,
119,1,2,2,86,1,287.2324,259.8935,138.9568,1,2,3,2,0,1,0,259.8935,NaN,100000,999,0,
119,1,2,2,87,1,106.1143,75.2378,285.0361,2,3,1,3,0,1,0,285.0361,NaN,100000,999,0,
119,1,2,2,88,1,225.1872,78.9067,16.5848,1,3,2,3,0,1,0,16.5848,NaN,100000,999,0,
119,1,2,1,89,1,346.3591,48.3045,256.0037,1,2,3,1,1,0,0,346.3591,338.1114,1.243,-8.2476,30,
119,1,2,2,90,1,45.2235,107.0409,196.6109,3,1,2,3,1,0,0,196.6109,220.5149,1.2706,23.904,10,
119,1,2,1,91,1,48.5439,107.0322,229.7249,2,1,3,2,1,0,0,107.0322,111.7553,1.2638,4.723,30,
119,1,2,2,92,1,317.2307,259.2326,47.9671,1,3,2,3,0,1,0,47.9671,NaN,100000,999,0,
119,1,2,1,93,1,135.6537,19.1763,77.2339,3,1,2,1,0,1,0,135.6537,132.8932,2.5623,-2.7604,40,
119,1,2,2,94,1,139.356,108.6774,78.5105,2,1,3,1,0,1,0,139.356,NaN,100000,999,0,
119,1,2,1,95,1,78.6142,49.142,226.8278,1,2,3,1,1,0,0,78.6142,64.2883,1.4794,-14.3259,20,
119,1,2,2,96,1,199.5767,17.0831,255.4439,2,1,3,3,0,0,1,255.4439,242.126,1.8819,-13.3179,20,
119,1,2,1,97,1,318.9808,349.8545,108.7083,1,3,2,2,0,0,1,349.8545,337.8696,1.5277,-11.9848,30,
119,1,2,2,98,1,315.4026,78.5576,345.3501,3,2,1,2,0,1,0,78.5576,NaN,100000,999,0,
119,1,2,2,99,1,345.4163,77.9292,255.1896,3,1,2,3,1,0,0,255.1896,249.2783,1.7916,-5.9113,30,
119,1,2,1,100,1,17.6834,259.4381,108.7486,3,2,1,3,1,0,0,108.7486,118.6664,2.3888,9.9178,30,
119,1,2,1,101,1,46.3984,349.2891,15.7555,2,1,3,1,0,1,0,46.3984,316.5729,0.96521,-89.8255,-10,
119,1,2,2,102,1,47.1026,169.1654,135.7762,2,1,3,2,1,0,0,169.1654,163.1337,1.4167,-6.0317,30,
119,1,2,2,103,1,258.5041,349.2462,167.1029,2,1,3,2,1,0,0,349.2462,333.8933,1.1249,-15.3529,20,
119,1,2,2,104,1,197.3462,168.5364,317.4533,1,2,3,3,0,0,1,317.4533,147.3181,0.91662,-170.1352,-10,
119,1,2,2,105,1,346.6742,108.8477,18.2305,3,2,1,3,1,0,0,18.2305,37.0423,0.83334,18.8117,20,
119,1,2,1,106,1,197.8744,316.0324,135.2855,2,1,3,2,1,0,0,316.0324,311.2732,0.83351,-4.7592,30,
119,1,2,1,107,1,109.9067,259.5132,348.1391,2,3,1,1,0,0,1,109.9067,321.6453,1.0139,-148.2614,-10,
119,1,2,2,108,1,259.31,105.8333,137.2578,2,1,3,2,1,0,0,105.8333,130.1788,0.993,24.3455,10,
119,1,2,2,109,1,227.5078,105.2486,15.5523,1,2,3,1,1,0,0,227.5078,260.5389,0.93741,33.0311,0,
119,1,2,1,110,1,199.2168,166.8742,225.0951,2,3,1,2,1,0,0,166.8742,160.1767,1.3053,-6.6975,30,
119,1,2,2,111,1,76.9408,46.148,257.8757,3,1,2,2,0,0,1,46.148,37.0027,0.91664,-9.1453,30,
119,1,2,1,112,1,77.5498,19.7686,317.3495,2,3,1,2,1,0,0,19.7686,33.9107,0.72913,14.1422,20,
119,1,2,1,113,1,108.3338,136.7415,345.6188,3,1,2,3,1,0,0,345.6188,151.5172,0.95826,165.8983,-10,
119,1,2,1,114,1,47.4748,169.6271,348.3607,1,3,2,1,1,0,0,47.4748,67.4766,0.97222,20.0018,20,
119,1,2,2,115,1,46.9245,136.3656,169.1723,2,1,3,2,1,0,0,136.3656,159.5469,0.9165,23.1813,10,
119,1,2,2,116,1,346.5584,199.771,319.5265,1,3,2,1,1,0,0,346.5584,56.309,0.68052,69.7506,-10,
119,1,2,2,117,1,227.3633,316.5127,168.0116,1,3,2,3,0,1,0,168.0116,NaN,100000,999,0,
119,1,2,1,118,1,106.9853,18.6718,78.2055,3,1,2,3,1,0,0,78.2055,74.2227,1.2153,-3.9828,30,
119,1,2,2,119,1,138.3935,346.7969,105.7675,3,2,1,1,0,0,1,138.3935,107.7672,0.93052,-30.6264,0,
119,1,2,1,120,1,105.5303,16.1764,168.0524,2,3,1,2,1,0,0,16.1764,331.7053,0.99994,-44.4711,-2.5,
119,1,3,1,121,1,346.6208,315.2032,166.6489,3,1,2,1,0,1,0,346.6208,344.1233,0.96541,-2.4975,40,
119,1,3,1,122,1,227.0992,347.8882,19.2051,1,3,2,3,0,1,0,19.2051,179.0916,0.86106,159.8865,-10,
119,1,3,1,123,1,288.9286,78.8556,138.2922,3,2,1,3,1,0,0,138.2922,122.9811,0.84028,-15.3112,20,
119,1,3,1,124,1,349.1226,75.8772,107.8176,1,2,3,2,0,1,0,75.8772,67.8217,1.1804,-8.0555,30,
119,1,3,2,125,1,137.8055,285.072,107.3872,1,2,3,1,1,0,0,137.8055,103.4452,0.98607,-34.3603,0,
119,1,3,1,126,1,49.9193,345.0364,288.4672,1,3,2,1,1,0,0,49.9193,60.0949,0.97902,10.1756,30,
119,1,3,2,127,1,255.6419,105.1801,77.0093,3,1,2,3,1,0,0,77.0093,75.5975,0.76373,-1.4119,40,
119,1,3,1,128,1,139.9678,226.9485,318.5086,3,2,1,2,0,1,0,226.9485,212.0526,2.4721,-14.8959,20,
119,1,3,1,129,1,348.8822,107.0646,77.4031,2,1,3,2,1,0,0,107.0646,113.8005,0.8819,6.7359,30,
119,1,3,2,130,1,259.6109,138.1327,18.5118,2,1,3,2,1,0,0,138.1327,125.623,0.83327,-12.5097,20,
119,1,3,2,131,1,168.2,348.4782,259.6504,3,2,1,1,0,0,1,168.2,168.5779,1.2985,0.37791,40,
119,1,3,1,132,1,139.4586,106.6943,229.3742,1,2,3,1,1,0,0,139.4586,161.3616,0.86792,21.903,10,
119,1,3,2,133,1,105.7409,229.8476,259.9614,2,1,3,1,0,1,0,105.7409,NaN,100000,999,0,
119,1,3,2,134,1,49.6936,255.3904,139.7514,3,2,1,3,1,0,0,139.7514,127.1339,0.91667,-12.6175,20,
119,1,3,2,135,1,287.9329,197.3104,78.443,1,3,2,1,1,0,0,287.9329,293.3834,0.94438,5.4505,30,
119,1,3,1,136,1,257.571,318.8953,346.7939,1,2,3,1,1,0,0,257.571,298.5224,1.0416,40.9514,-2.5,
119,1,3,1,137,1,168.9144,48.575,199.9987,3,2,1,3,1,0,0,199.9987,180.228,0.98625,-19.7707,20,
119,1,3,2,138,1,17.3642,286.5953,196.936,2,3,1,2,1,0,0,286.5953,297.2552,0.87492,10.6599,30,
119,1,3,2,139,1,228.6168,167.4594,137.8076,3,1,2,3,1,0,0,137.8076,191.5642,0.82639,53.7567,-5,
119,1,3,2,140,1,139.2502,289.7154,259.9206,1,3,2,3,0,1,0,259.9206,NaN,100000,999,0,
119,1,3,2,141,1,49.1481,79.9474,136.895,2,1,3,2,1,0,0,79.9474,70.5265,0.81246,-9.4209,30,
119,1,3,1,142,1,226.7347,317.6902,76.0289,1,3,2,3,0,1,0,76.0289,66.2637,1.2708,-9.7653,30,
119,1,3,1,143,1,45.0163,288.0179,139.7108,3,1,2,3,1,0,0,139.7108,124.2569,1.347,-15.454,20,
119,1,3,2,144,1,15.5241,349.704,105.6441,2,3,1,2,1,0,0,349.704,340.3527,0.96524,-9.3514,30,
119,1,3,2,145,1,318.51,77.0055,346.2461,3,2,1,3,1,0,0,346.2461,16.1362,0.81252,29.8902,10,
119,1,3,2,146,1,135.448,106.3858,76.8924,3,1,2,3,1,0,0,76.8924,65.8231,0.88193,-11.0693,30,
119,1,3,1,147,1,347.0538,49.2017,139.5816,3,1,2,3,1,0,0,139.5816,138.9512,0.9166,-0.63043,40,
119,1,3,1,148,1,227.316,76.3725,197.3702,1,3,2,1,1,0,0,227.316,239.0593,0.85415,11.7432,30,
119,1,3,2,149,1,19.0586,48.9904,346.4112,2,1,3,2,1,0,0,48.9904,44.1032,1.1179,-4.8872,30,
119,1,3,2,150,1,226.1714,19.6653,78.2524,1,2,3,2,0,1,0,19.6653,NaN,100000,999,0,
119,1,3,2,151,1,318.9211,225.4859,48.5719,2,3,1,2,1,0,0,225.4859,238.3343,0.57637,12.8483,20,
119,1,3,2,152,1,19.6865,49.4697,256.1237,3,2,1,3,1,0,0,256.1237,229.0115,0.96492,-27.1122,10,
119,1,3,2,153,1,349.1868,17.4464,45.5134,3,2,1,3,1,0,0,45.5134,24.8146,1.5625,-20.6988,20,
119,1,3,2,154,1,285.8065,136.2821,49.8531,2,1,3,2,1,0,0,136.2821,129.6688,1.5901,-6.6133,30,
119,1,3,2,155,1,167.066,76.2283,289.4111,1,3,2,1,1,0,0,167.066,169.2709,1.5347,2.2049,40,
119,1,3,1,156,1,79.5754,137.4497,346.6658,1,3,2,1,1,0,0,79.5754,154.8523,1.125,75.2769,-10,
119,1,3,1,157,1,48.937,289.0819,258.6513,2,1,3,2,1,0,0,289.0819,295.3783,1.3888,6.2963,30,
119,1,3,2,158,1,138.6096,317.6474,256.4024,1,3,2,3,0,1,0,256.4024,NaN,100000,999,0,
119,1,3,1,159,1,345.8854,285.9162,16.4806,2,1,3,2,1,0,0,285.9162,301.9033,1.2083,15.987,20,
119,1,3,1,160,1,319.1043,169.7581,229.1473,2,1,3,2,1,0,0,169.7581,174.5096,1.125,4.7515,30,
119,1,3,2,161,1,315.6336,16.9248,289.823,2,3,1,2,1,0,0,16.9248,1.5498,1.1805,-15.375,20,
119,1,3,1,162,1,285.3964,106.2106,17.2771,1,2,3,1,1,0,0,285.3964,284.5782,1.1597,-0.81819,40,
119,1,3,2,163,1,197.6206,109.6241,138.7648,3,1,2,2,0,0,1,109.6241,121.1476,1.0208,11.5235,30,
119,1,3,1,164,1,228.4539,195.772,287.2165,1,2,3,3,0,0,1,287.2165,297.4083,1.3957,10.1918,30,
119,1,3,1,165,1,167.5292,18.9773,258.4394,3,2,1,3,1,0,0,258.4394,269.6979,0.83333,11.2585,30,
119,1,3,1,166,1,347.864,109.9768,285.8389,1,3,2,1,1,0,0,347.864,171.244,0.81932,-176.62,-10,
119,1,3,2,167,1,198.6461,168.3354,46.246,2,1,3,2,1,0,0,168.3354,161.6882,1.9026,-6.6472,30,
119,1,3,2,168,1,348.4275,16.4229,226.172,1,3,2,2,0,0,1,16.4229,17.1991,0.85415,0.77619,40,
119,1,3,2,169,1,195.8019,19.8308,288.0239,1,2,3,1,1,0,0,195.8019,187.2905,1.0001,-8.5113,30,
119,1,3,2,170,1,316.0658,226.4083,138.4263,3,1,2,3,1,0,0,138.4263,243.8013,0.43749,105.375,-10,
119,1,3,1,171,1,345.8596,169.9069,257.7175,3,2,1,3,1,0,0,257.7175,239.7735,0.76387,-17.944,20,
119,1,3,2,172,1,107.2316,137.0873,76.1514,1,2,3,2,0,1,0,137.0873,NaN,100000,999,0,
119,1,3,1,173,1,255.5309,346.2141,76.6142,1,2,3,1,1,0,0,255.5309,270.2613,1.9165,14.7304,20,
119,1,3,1,174,1,168.769,259.9867,48.852,3,1,2,3,1,0,0,48.852,69.3142,0.83348,20.4622,20,
119,1,3,1,175,1,257.0802,319.2551,139.4374,1,2,3,1,1,0,0,257.0802,232.6969,0.87497,-24.3833,10,
119,1,3,2,176,1,255.2183,288.6913,46.7684,1,2,3,1,1,0,0,255.2183,242.6026,1.0138,-12.6157,20,
119,1,3,1,177,1,76.0531,318.9289,17.0976,1,2,3,3,0,0,1,17.0976,32.5931,0.86117,15.4956,20,
119,1,3,1,178,1,135.4422,255.1259,79.1738,1,3,2,1,1,0,0,135.4422,115.6012,1.0208,-19.8411,20,
119,1,3,2,179,1,109.7117,256.6102,199.6201,2,1,3,3,0,0,1,199.6201,174.5892,2.5832,-25.0309,10,
119,1,3,1,180,1,105.1476,288.6485,348.4138,3,1,2,3,1,0,0,348.4138,35.9247,0.92355,47.5109,-2.5,
119,1,4,1,181,1,195.8903,166.7938,316.2788,1,3,2,2,0,0,1,166.7938,164.7949,1.375,-1.9989,40,
119,1,4,2,182,1,226.7464,108.1358,257.5597,2,3,1,1,0,0,1,226.7464,245.8576,1.2152,19.1112,20,
119,1,4,2,183,1,46.2757,108.9109,316.5403,3,2,1,1,0,0,1,46.2757,212.8026,1.6388,166.5269,-10,
119,1,4,1,184,1,107.7205,256.6554,345.3215,1,2,3,1,1,0,0,107.7205,94.9648,0.74996,-12.7557,20,
119,1,4,1,185,1,16.9162,226.7775,135.8371,2,1,3,2,1,0,0,226.7775,231.6606,1.5416,4.8831,30,
119,1,4,1,186,1,165.6099,289.6919,15.0345,3,2,1,2,0,1,0,289.6919,294.9255,1.0416,5.2336,30,
119,1,4,2,187,1,288.344,16.4289,77.6214,1,2,3,1,1,0,0,288.344,268.857,1.0345,-19.487,20,
119,1,4,2,188,1,255.5149,17.2573,316.5096,3,1,2,3,1,0,0,316.5096,327.1007,1.0626,10.5912,30,
119,1,4,1,189,1,285.232,257.7525,226.7141,2,3,1,1,0,0,1,285.232,284.0762,1.2152,-1.1558,40,
119,1,4,1,190,1,19.9907,167.5995,108.3233,2,1,3,3,0,0,1,108.3233,121.5451,1.3056,13.2218,20,
119,1,4,2,191,1,347.0764,47.3651,136.4146,1,2,3,1,1,0,0,347.0764,358.5271,1.0693,11.4506,30,
119,1,4,1,192,1,165.7436,19.423,196.7733,3,2,1,3,1,0,0,196.7733,188.0172,2.555,-8.7561,30,
119,1,4,2,193,1,259.0309,227.7319,288.4486,3,2,1,3,1,0,0,288.4486,295.1961,1.4238,6.7475,30,
119,1,4,1,194,1,76.631,105.7889,259.0505,1,3,2,2,0,0,1,105.7889,111.1908,1.5485,5.4019,30,
119,1,4,2,195,1,139.5368,166.4574,78.116,3,1,2,2,0,0,1,166.4574,160.0215,0.96522,-6.4359,30,
119,1,4,2,196,1,49.5815,347.559,286.2728,3,2,1,3,1,0,0,286.2728,308.1371,0.95121,21.8643,10,
119,1,4,1,197,1,135.0612,345.1417,165.5074,2,1,3,2,1,0,0,345.1417,344.3533,1.5346,-0.78837,40,
119,1,4,2,198,1,47.0769,318.9742,197.1543,1,3,2,1,1,0,0,47.0769,65.9581,1.4931,18.8811,20,
119,1,4,1,199,1,107.2275,317.8693,255.5367,3,2,1,3,1,0,0,255.5367,249.1629,0.75003,-6.3739,30,
119,1,4,1,200,1,48.6994,316.9249,18.2946,3,1,2,1,0,1,0,48.6994,63.3811,0.87492,14.6817,20,
119,1,4,2,201,1,19.6465,109.3508,346.3279,1,2,3,1,1,0,0,19.6465,56.3089,0.95105,36.6624,0,
119,1,4,1,202,1,75.1701,316.1325,167.4992,1,3,2,2,0,0,1,316.1325,349.4971,0.94435,33.3646,0,
119,1,4,2,203,1,315.4921,256.4315,19.562,2,1,3,1,0,1,0,315.4921,NaN,100000,999,0,
119,1,4,2,204,1,255.7563,165.9259,49.6493,2,3,1,2,1,0,0,165.9259,170.7328,0.75003,4.8069,30,
119,1,4,1,205,1,199.6268,108.178,45.2741,1,2,3,2,0,1,0,108.178,125.8381,1.1319,17.6601,20,
119,1,4,2,206,1,229.4903,167.1739,75.3532,1,3,2,1,1,0,0,229.4903,246.233,1.8402,16.7427,20,
119,1,4,1,207,1,168.4711,259.5744,135.5571,3,1,2,3,1,0,0,135.5571,127.006,1.4999,-8.5511,30,
119,1,4,1,208,1,195.4922,136.3145,17.3206,1,3,2,1,1,0,0,195.4922,220.7759,0.95827,25.2837,10,
119,1,4,1,209,1,319.4191,165.5782,229.3486,3,1,2,2,0,0,1,165.5782,230.5742,1.2984,64.996,-10,
119,1,4,2,210,1,255.73,109.7775,49.8024,1,3,2,1,1,0,0,255.73,185.8223,1.3192,-69.9077,-10,
119,1,4,1,211,1,166.0718,285.1725,348.8705,2,3,1,2,1,0,0,285.1725,283.2533,1.118,-1.9192,40,
119,1,4,1,212,1,109.1914,318.8587,16.9325,1,2,3,1,1,0,0,109.1914,119.0168,0.89576,9.8255,30,
119,1,4,2,213,1,255.2503,169.8292,346.1418,2,3,1,1,0,0,1,255.2503,242.5734,1.1388,-12.6769,20,
119,1,4,1,214,1,168.6043,138.2194,48.3869,3,1,2,3,1,0,0,48.3869,61.5171,0.85408,13.1302,20,
119,1,4,2,215,1,285.7305,227.0311,255.3776,1,2,3,3,0,0,1,255.3776,244.8548,1.2706,-10.5228,30,
119,1,4,2,216,1,259.4934,75.7427,225.4422,3,2,1,3,1,0,0,225.4422,254.6582,1.4656,29.216,10,
119,1,4,2,217,1,229.6552,346.2747,108.3625,3,1,2,3,1,0,0,108.3625,112.0651,1.3405,3.7026,30,
119,1,4,2,218,1,16.7695,138.7014,256.4755,2,1,3,3,0,0,1,256.4755,232.5913,1.0208,-23.8842,10,
119,1,4,2,219,1,135.3416,345.5432,167.1922,2,3,1,2,1,0,0,345.5432,349.1912,1.8401,3.648,30,
119,1,4,1,220,1,168.8625,348.0918,199.6925,1,2,3,1,1,0,0,168.8625,162.8037,1.618,-6.0588,30,
119,1,4,2,221,1,227.2901,196.3544,289.1568,3,1,2,3,1,0,0,289.1568,289.9335,1.0625,0.77669,40,
119,1,4,1,222,1,288.4357,18.3667,316.7961,2,1,3,2,1,0,0,18.3667,32.4106,1.0416,14.0439,20,
119,1,4,2,223,1,199.047,77.6081,46.2809,2,3,1,2,1,0,0,77.6081,67.7628,1.3402,-9.8453,30,
119,1,4,2,224,1,347.3233,75.5838,198.5927,2,1,3,2,1,0,0,75.5838,74.6731,0.79158,-0.91067,40,
119,1,4,1,225,1,167.3541,317.8461,348.0137,1,3,2,2,0,0,1,317.8461,321.0071,1.0972,3.161,30,
119,1,4,1,226,1,288.8848,225.5024,19.5996,3,1,2,2,0,0,1,225.5024,224.6209,1.2708,-0.88155,40,
119,1,4,1,227,1,285.0523,48.2881,319.2654,2,3,1,2,1,0,0,48.2881,217.4247,1.354,169.1366,-10,
119,1,4,2,228,1,197.3019,285.1021,228.4523,2,3,1,2,1,0,0,285.1021,283.1724,0.75686,-1.9297,40,
119,1,4,2,229,1,165.6538,77.5347,258.9791,2,1,3,2,1,0,0,77.5347,76.0007,0.69441,-1.534,40,
119,1,4,2,230,1,169.557,227.6793,138.748,2,1,3,2,1,0,0,227.6793,235.4671,1.5346,7.7878,30,
119,1,4,1,231,1,47.4453,257.039,139.371,2,3,1,2,1,0,0,257.039,260.4896,1.9027,3.4506,30,
119,1,4,1,232,1,46.2049,288.8022,79.8253,2,3,1,2,1,0,0,288.8022,283.779,1.6388,-5.0232,30,
119,1,4,1,233,1,109.9322,319.9288,17.2804,1,3,2,1,1,0,0,109.9322,108.8214,0.99998,-1.1107,40,
119,1,4,2,234,1,318.309,166.9898,227.5053,2,3,1,2,1,0,0,166.9898,150.9833,2.1523,-16.0065,20,
119,1,4,1,235,1,165.3188,45.4322,79.884,2,1,3,1,0,1,0,165.3188,75.6225,2.4374,-89.6963,-10,
119,1,4,2,236,1,289.8271,316.8119,259.652,1,2,3,1,1,0,0,289.8271,291.2311,1.361,1.4041,40,
119,1,4,1,237,1,257.7444,19.3066,45.2656,1,2,3,1,1,0,0,257.7444,249.0475,1.0208,-8.6969,30,
119,1,4,1,238,1,48.68,139.355,79.3355,1,3,2,2,0,0,1,139.355,126.8083,1.6249,-12.5468,20,
119,1,4,1,239,1,167.2909,289.277,105.6588,2,1,3,1,0,1,0,167.2909,187.2698,0.89583,19.9789,20,
119,1,4,2,240,1,108.7363,317.3249,289.9187,1,2,3,1,1,0,0,108.7363,133.2725,1.3888,24.5362,10,
119,1,5,2,241,1,349.0172,165.1965,228.705,2,1,3,3,0,0,1,228.705,288.4433,1.7567,59.7383,-5,
119,1,5,2,242,1,347.7386,135.0075,78.6238,1,3,2,1,1,0,0,347.7386,337.3179,1.9026,-10.4207,30,
119,1,5,2,243,1,105.8279,316.2866,75.0087,2,3,1,2,1,0,0,316.2866,305.439,0.88191,-10.8476,30,
119,1,5,2,244,1,79.2203,348.8595,166.4455,3,2,1,2,0,1,0,348.8595,NaN,100000,999,0,
119,1,5,1,245,1,225.5892,139.1238,258.6571,3,2,1,3,1,0,0,258.6571,261.3046,1.1107,2.6474,40,
119,1,5,1,246,1,259.8714,138.4211,197.0074,1,3,2,1,1,0,0,259.8714,332.8061,1.7708,72.9347,-10,
119,1,5,1,247,1,136.6115,17.0298,287.0727,2,3,1,2,1,0,0,17.0298,353.1595,0.7916,-23.8703,10,
119,1,5,1,248,1,289.7485,346.1623,75.4274,2,1,3,2,1,0,0,346.1623,333.8354,1.1183,-12.3269,20,
119,1,5,1,249,1,166.3977,229.1589,197.641,2,1,3,2,1,0,0,229.1589,226.283,1.7916,-2.8759,40,
119,1,5,2,250,1,16.1685,347.4571,196.721,1,2,3,2,0,1,0,347.4571,NaN,100000,999,0,
119,1,5,2,251,1,259.051,165.2874,347.9163,1,2,3,1,1,0,0,259.051,186.0619,1.125,-72.9891,-10,
119,1,5,2,252,1,259.3875,318.0759,288.7887,2,1,3,1,0,1,0,259.3875,NaN,100000,999,0,
119,1,5,2,253,1,346.7722,105.589,48.0297,3,2,1,3,1,0,0,48.0297,52.1605,1.5902,4.1309,30,
119,1,5,1,254,1,226.3049,285.0196,198.9285,1,3,2,1,1,0,0,226.3049,248.3467,0.91662,22.0419,10,
119,1,5,2,255,1,316.2605,197.4126,257.1404,3,1,2,1,0,1,0,316.2605,NaN,100000,999,0,
119,1,5,2,256,1,317.6566,48.6583,77.0242,1,2,3,1,1,0,0,317.6566,296.0946,1.1041,-21.562,10,
119,1,5,2,257,1,108.0593,317.2438,75.4306,3,2,1,3,1,0,0,75.4306,70.0467,1.1945,-5.3839,30,
119,1,5,2,258,1,165.4304,316.26,75.8651,3,1,2,1,0,1,0,165.4304,NaN,100000,999,0,
119,1,5,1,259,1,15.8215,78.756,315.3028,1,3,2,3,0,1,0,315.3028,307.5282,1.3059,-7.7746,30,
119,1,5,1,260,1,229.6256,17.8733,199.564,3,1,2,3,1,0,0,199.564,203.7306,1.1111,4.1666,30,
119,1,5,1,261,1,315.8771,47.7994,137.6609,2,3,1,1,0,0,1,315.8771,28.575,1.319,72.6979,-10,
119,1,5,1,262,1,225.7092,169.3782,317.7506,3,1,2,2,0,0,1,169.3782,154.8689,1.4096,-14.5093,20,
119,1,5,2,263,1,316.7217,196.3484,257.8507,2,3,1,3,0,1,0,257.8507,NaN,100000,999,0,
119,1,5,1,264,1,165.7907,288.2094,15.192,1,3,2,2,0,0,1,288.2094,303.7325,1.2707,15.523,20,
119,1,5,1,265,1,165.564,346.7407,17.3597,3,1,2,2,0,0,1,346.7407,347.6995,1.4513,0.95881,40,
119,1,5,1,266,1,346.4624,316.0883,286.5095,1,2,3,1,1,0,0,346.4624,195.8312,1.1596,-150.6312,-10,
119,1,5,1,267,1,317.5051,349.5913,76.2381,3,1,2,3,1,0,0,76.2381,87.7794,1.0138,11.5413,30,
119,1,5,2,268,1,76.9094,46.8673,316.6489,1,3,2,1,1,0,0,76.9094,45.6076,1.3263,-31.3018,0,
119,1,5,1,269,1,228.8502,319.2858,289.6673,2,3,1,2,1,0,0,319.2858,298.5537,1.0832,-20.7321,20,
119,1,5,1,270,1,15.1938,47.8389,348.2542,1,3,2,3,0,1,0,348.2542,44.6372,1.1666,56.3829,-5,
119,1,5,1,271,1,316.8226,136.0675,227.6677,1,2,3,2,0,1,0,136.0675,128.7202,0.92352,-7.3473,30,
119,1,5,1,272,1,168.0393,108.3305,259.6073,3,2,1,3,1,0,0,259.6073,247.9676,0.65968,-11.6397,30,
119,1,5,2,273,1,138.1026,225.0033,75.9389,3,2,1,3,1,0,0,75.9389,71.8781,1.236,-4.0608,30,
119,1,5,1,274,1,45.747,107.4445,197.8456,2,1,3,3,0,0,1,197.8456,192.8115,1.8197,-5.0341,30,
119,1,5,2,275,1,259.8662,79.0912,169.2938,1,2,3,1,1,0,0,259.8662,272.3361,0.8611,12.4699,20,
119,1,5,2,276,1,167.2975,135.8172,316.3437,3,2,1,2,0,1,0,135.8172,NaN,100000,999,0,
119,1,5,2,277,1,105.1592,346.0794,75.4265,3,2,1,3,1,0,0,75.4265,64.8242,1.8332,-10.6023,30,
119,1,5,2,278,1,76.2242,319.1922,107.6286,1,2,3,1,1,0,0,76.2242,69.6355,1.736,-6.5887,30,
119,1,5,1,279,1,316.49,76.9092,227.6694,3,2,1,3,1,0,0,227.6694,290.4334,0.86109,62.7639,-10,
119,1,5,2,280,1,318.322,107.9266,79.5952,3,2,1,3,1,0,0,79.5952,72.4483,1.0417,-7.1469,30,
119,1,5,2,281,1,109.3169,285.1132,15.756,1,3,2,1,1,0,0,109.3169,109.5277,0.78472,0.21083,40,
119,1,5,1,282,1,46.194,256.9696,135.9792,1,2,3,1,1,0,0,46.194,64.9289,1.215,18.7349,20,
119,1,5,1,283,1,78.5396,286.0473,165.8558,3,2,1,3,1,0,0,165.8558,169.763,1.4514,3.9073,30,
119,1,5,1,284,1,77.305,289.4577,105.587,2,1,3,2,1,0,0,289.4577,286.4932,1.8336,-2.9646,40,
119,1,5,2,285,1,285.0792,137.5182,259.7458,2,3,1,2,1,0,0,137.5182,151.027,0.85415,13.5089,20,
119,1,5,1,286,1,48.2447,139.6464,228.4929,1,3,2,2,0,0,1,139.6464,139.1944,1.3467,-0.45209,40,
119,1,5,2,287,1,16.8146,78.085,316.5472,2,1,3,1,0,1,0,16.8146,NaN,100000,999,0,
119,1,5,1,288,1,319.2957,347.5765,167.3449,3,1,2,3,1,0,0,167.3449,153.9883,2.0417,-13.3566,20,
119,1,5,1,289,1,17.8169,198.9658,315.1059,3,2,1,1,0,0,1,17.8169,190.2527,0.82635,172.4358,-10,
119,1,5,1,290,1,227.6753,45.3057,197.7781,1,2,3,1,1,0,0,227.6753,202.7695,1.3468,-24.9058,10,
119,1,5,2,291,1,79.6257,15.1968,349.9536,3,1,2,3,1,0,0,349.9536,18.7355,0.84012,28.7819,10,
119,1,5,1,292,1,225.4703,288.6423,197.1005,2,1,3,2,1,0,0,288.6423,292.7994,0.97908,4.1571,30,
119,1,5,1,293,1,317.5822,286.191,226.9311,3,1,2,3,1,0,0,226.9311,229.1229,0.91669,2.1918,40,
119,1,5,1,294,1,136.095,15.7759,166.2345,3,2,1,3,1,0,0,166.2345,182.2456,1.9096,16.0111,20,
119,1,5,2,295,1,165.8643,315.0276,226.085,1,2,3,2,0,1,0,315.0276,NaN,100000,999,0,
119,1,5,1,296,1,256.0348,287.5176,316.1688,2,1,3,2,1,0,0,287.5176,283.4785,1.3263,-4.039,30,
119,1,5,2,297,1,199.0268,255.2864,225.9414,2,1,3,1,0,1,0,199.0268,NaN,100000,999,0,
119,1,5,1,298,1,16.6836,107.4422,169.2577,2,3,1,2,1,0,0,107.4422,122.6027,0.80546,15.1605,20,
119,1,5,2,299,1,15.4218,226.3819,76.8349,1,2,3,3,0,0,1,76.8349,57.5419,1.3194,-19.2929,20,
119,1,5,2,300,1,48.1529,138.3681,319.5875,3,1,2,3,1,0,0,319.5875,323.4255,1.854,3.838,30,
119,1,6,1,301,1,46.6778,316.5915,138.3417,3,2,1,3,1,0,0,138.3417,323.2041,1.3956,-175.1376,-10,
119,1,6,2,302,1,18.3684,349.2955,47.3627,1,2,3,3,0,0,1,47.3627,50.3401,0.64588,2.9774,40,
119,1,6,1,303,1,47.7656,229.8127,317.8576,2,1,3,2,1,0,0,229.8127,219.9728,1.1041,-9.8399,30,
119,1,6,2,304,1,78.393,19.6175,199.8736,3,1,2,2,0,0,1,19.6175,11.2178,0.90274,-8.3997,30,
119,1,6,1,305,1,45.4797,16.1916,195.1165,3,1,2,3,1,0,0,195.1165,183.3272,1.2638,-11.7893,30,
119,1,6,2,306,1,198.842,288.8976,76.7454,3,1,2,2,0,0,1,288.8976,280.8431,1.7569,-8.0545,30,
119,1,6,2,307,1,288.7952,136.2531,46.7188,3,1,2,3,1,0,0,46.7188,38.9114,1.9029,-7.8075,30,
119,1,6,2,308,1,228.6752,199.4975,286.2212,2,1,3,2,1,0,0,199.4975,194.15,1.5415,-5.3475,30,
119,1,6,2,309,1,349.2423,49.5117,228.3802,2,3,1,3,0,1,0,228.3802,NaN,100000,999,0,
119,1,6,1,310,1,109.4656,18.9514,285.1132,2,3,1,2,1,0,0,18.9514,24.6554,1.0487,5.704,30,
119,1,6,1,311,1,107.3017,17.6364,198.0702,2,1,3,2,1,0,0,17.6364,24.1004,0.9722,6.464,30,
119,1,6,1,312,1,46.2868,19.1595,78.4727,2,3,1,2,1,0,0,19.1595,23.2918,0.99298,4.1323,30,
119,1,6,1,313,1,15.6505,257.6662,139.7554,1,3,2,1,1,0,0,15.6505,24.0602,1.5902,8.4097,30,
119,1,6,1,314,1,15.9047,105.9905,285.7782,2,1,3,1,0,1,0,15.9047,188.7867,1.4653,172.882,-10,
119,1,6,1,315,1,316.3838,255.4602,46.3032,3,2,1,3,1,0,0,46.3032,118.7164,1.6041,72.4132,-10,
119,1,6,1,316,1,258.716,287.4911,345.3426,3,1,2,3,1,0,0,345.3426,29.122,0.90272,43.7794,-2.5,
119,1,6,2,317,1,226.8951,168.4842,47.2615,2,3,1,2,1,0,0,168.4842,153.9958,1.2152,-14.4884,20,
119,1,6,2,318,1,169.741,135.1854,347.6699,2,3,1,2,1,0,0,135.1854,159.7074,0.87496,24.522,10,
119,1,6,1,319,1,46.0109,316.4166,256.7008,2,1,3,2,1,0,0,316.4166,319.3079,1.3888,2.8913,40,
119,1,6,2,320,1,288.4698,319.2714,168.8618,2,1,3,2,1,0,0,319.2714,310.5091,1.3958,-8.7624,30,
119,1,6,1,321,1,166.3955,256.5361,107.2142,3,2,1,3,1,0,0,107.2142,105.9918,1.8956,-1.2224,40,
119,1,6,1,322,1,167.6806,199.6713,285.3105,1,3,2,1,1,0,0,167.6806,189.6123,0.95134,21.9317,10,
119,1,6,2,323,1,258.1372,19.2279,139.3772,2,3,1,2,1,0,0,19.2279,28.3926,0.92356,9.1647,30,
119,1,6,1,324,1,15.7798,47.3719,77.3964,2,1,3,2,1,0,0,47.3719,48.8577,0.76368,1.4857,40,
119,1,6,2,325,1,139.6952,255.0772,107.3663,3,2,1,3,1,0,0,107.3663,110.7561,1.3193,3.3898,30,
119,1,6,2,326,1,196.2982,107.9938,48.3391,3,2,1,2,0,1,0,107.9938,NaN,100000,999,0,
119,1,6,2,327,1,19.8286,199.1423,75.9494,2,3,1,2,1,0,0,199.1423,204.1645,1.0207,5.0222,30,
119,1,6,2,328,1,138.3239,315.5659,75.4138,1,2,3,1,1,0,0,138.3239,193.6595,0.79167,55.3356,-5,
119,1,6,1,329,1,227.7137,17.9431,349.058,1,3,2,3,0,1,0,349.058,345.933,1.118,-3.125,30,
119,1,6,2,330,1,349.3206,226.3713,17.8699,1,3,2,1,1,0,0,349.3206,189.0248,1.2291,-160.2957,-10,
119,1,6,2,331,1,168.0333,78.5012,16.1674,2,1,3,2,1,0,0,78.5012,60.023,0.63195,-18.4782,20,
119,1,6,1,332,1,106.6432,47.7355,169.2919,3,1,2,3,1,0,0,169.2919,174.7643,0.97911,5.4724,30,
119,1,6,1,333,1,317.0413,287.194,165.3971,2,1,3,2,1,0,0,287.194,292.8734,0.97912,5.6794,30,
119,1,6,2,334,1,49.2565,167.3128,319.9858,2,3,1,2,1,0,0,167.3128,160.7294,0.90271,-6.5834,30,
119,1,6,2,335,1,347.5392,166.5048,196.2027,2,3,1,1,0,0,1,347.5392,255.9468,1.0625,-91.5924,-10,
119,1,6,1,336,1,75.053,136.1114,195.2631,1,3,2,2,0,0,1,136.1114,165.7136,1.2152,29.6022,10,
119,1,6,2,337,1,136.0878,195.9829,285.0885,2,1,3,2,1,0,0,195.9829,170.3118,1.25,-25.6711,10,
119,1,6,1,338,1,315.15,138.4019,79.4637,1,3,2,2,0,0,1,138.4019,123.5575,1.0138,-14.8444,20,
119,1,6,2,339,1,257.6623,289.543,15.4483,1,3,2,1,1,0,0,257.6623,250.2665,0.87499,-7.3959,30,
119,1,6,2,340,1,108.3527,226.0822,285.3237,3,2,1,3,1,0,0,285.3237,289.7654,1.8192,4.4417,30,
119,1,6,1,341,1,195.8183,228.4862,288.3436,3,1,2,2,0,0,1,228.4862,261.7239,1.743,33.2377,0,
119,1,6,1,342,1,349.5053,166.2713,227.7785,1,3,2,2,0,0,1,166.2713,182.7289,1.1735,16.4576,20,
119,1,6,1,343,1,109.3922,226.1501,259.0018,1,2,3,1,1,0,0,109.3922,115.445,0.68784,6.0528,30,
119,1,6,2,344,1,76.7727,315.3406,165.9821,1,3,2,1,1,0,0,76.7727,80.146,1.3541,3.3732,30,
119,1,6,1,345,1,168.1372,315.7448,136.0103,3,2,1,3,1,0,0,136.0103,117.1048,0.88193,-18.9055,20,
119,1,6,1,346,1,349.333,79.2485,166.4757,1,2,3,1,1,0,0,349.333,80.0763,1.7291,90.7433,-10,
119,1,6,2,347,1,257.0921,167.4957,78.0658,3,1,2,3,1,0,0,78.0658,112.899,1.1111,34.8333,0,
119,1,6,2,348,1,138.9881,259.392,107.0072,3,1,2,3,1,0,0,107.0072,89.2019,2.1943,-17.8053,20,
119,1,6,1,349,1,169.4774,258.51,75.6028,1,2,3,1,1,0,0,169.4774,6.7314,0.94459,-162.7461,-10,
119,1,6,2,350,1,167.8388,346.7316,318.3913,1,3,2,2,0,0,1,346.7316,341.2147,1.1527,-5.517,30,
119,1,6,2,351,1,255.799,77.9218,197.2346,2,3,1,2,1,0,0,77.9218,53.3866,0.86108,-24.5351,10,
119,1,6,1,352,1,138.1045,349.3129,256.5441,3,1,2,3,1,0,0,256.5441,256.8814,1.1666,0.33736,40,
119,1,6,1,353,1,195.6334,168.3621,259.5755,1,2,3,2,0,1,0,168.3621,174.8432,1.1669,6.4811,30,
119,1,6,2,354,1,168.0052,259.0158,48.6257,1,3,2,1,1,0,0,168.0052,87.9848,0.80552,-80.0204,-10,
119,1,6,2,355,1,255.1331,78.904,316.4951,2,3,1,1,0,0,1,255.1331,231.4869,0.95823,-23.6463,10,
119,1,6,2,356,1,349.7976,47.3644,199.424,2,3,1,2,1,0,0,47.3644,37.253,0.65983,-10.1114,30,
119,1,6,1,357,1,258.6636,347.2158,227.0217,1,3,2,1,1,0,0,258.6636,238.0064,0.75691,-20.6572,20,
119,1,6,1,358,1,17.7377,136.0132,169.3239,2,3,1,2,1,0,0,136.0132,140.3782,0.63196,4.365,30,
119,1,6,1,359,1,166.4965,17.4975,196.9683,2,3,1,2,1,0,0,17.4975,18.941,0.72898,1.4435,40,
119,1,6,1,360,1,259.1344,137.3359,105.905,3,2,1,2,0,1,0,137.3359,126.7161,1.125,-10.6198,30,
119,1,7,2,361,1,106.0326,167.1558,315.2523,3,1,2,3,1,0,0,315.2523,306.3801,1.4305,-8.8722,30,
119,1,7,2,362,1,285.1767,138.2963,48.8934,1,3,2,1,1,0,0,285.1767,118.2416,1.6666,-166.9351,-10,
119,1,7,2,363,1,17.1694,317.1991,107.3964,1,2,3,1,1,0,0,17.1694,80.4821,0.65279,63.3127,-10,
119,1,7,2,364,1,137.3996,106.4199,15.591,1,3,2,1,1,0,0,137.3996,73.6716,1.0069,-63.7279,-10,
119,1,7,1,365,1,225.4701,167.9098,345.426,1,2,3,2,0,1,0,167.9098,147.6716,1.8817,-20.2382,20,
119,1,7,2,366,1,76.7386,109.8509,317.0124,2,1,3,1,0,1,0,76.7386,NaN,100000,999,0,
119,1,7,2,367,1,229.5282,199.3846,136.3381,3,1,2,3,1,0,0,136.3381,123.2932,1.1596,-13.0449,20,
119,1,7,1,368,1,256.0149,135.3576,289.3674,3,2,1,2,0,1,0,135.3576,156.9439,1.3472,21.5863,10,
119,1,7,1,369,1,135.8821,289.131,15.1685,2,3,1,2,1,0,0,289.131,290.0533,0.65278,0.9223,40,
119,1,7,1,370,1,17.5108,256.7862,199.9442,1,3,2,3,0,1,0,199.9442,267.45,1.0693,67.5058,-10,
119,1,7,2,371,1,79.4832,318.3742,198.2897,2,3,1,1,0,0,1,79.4832,92.8508,1.2846,13.3677,20,
119,1,7,2,372,1,259.0809,225.9472,75.1987,1,3,2,1,1,0,0,259.0809,261.0737,0.77049,1.9928,40,
119,1,7,2,373,1,77.1611,167.8901,225.6824,1,3,2,2,0,0,1,167.8901,157.827,1.7989,-10.0631,30,
119,1,7,1,374,1,286.1129,138.185,198.5624,3,1,2,1,0,1,0,286.1129,275.284,1.7082,-10.8289,30,
119,1,7,1,375,1,49.0019,17.2481,166.3801,1,2,3,2,0,1,0,17.2481,0.76936,1.0833,-16.4788,20,
119,1,7,2,376,1,135.492,287.0491,349.116,2,1,3,2,1,0,0,287.0491,284.4729,0.94453,-2.5761,40,
119,1,7,2,377,1,317.2348,288.3758,76.3074,3,2,1,3,1,0,0,76.3074,70.255,1.229,-6.0525,30,
119,1,7,1,378,1,78.1112,109.2773,287.7415,3,1,2,3,1,0,0,287.7415,290.5238,0.75,2.7824,40,
119,1,7,1,379,1,45.3558,195.4875,256.6216,1,2,3,1,1,0,0,45.3558,59.514,0.99262,14.1582,20,
119,1,7,1,380,1,288.2662,228.2652,168.4433,2,1,3,2,1,0,0,228.2652,229.7006,1.9304,1.4354,40,
119,1,7,1,381,1,16.7401,167.303,347.2768,2,3,1,3,0,1,0,347.2768,337.2311,1.6245,-10.0457,30,
119,1,7,2,382,1,48.0821,15.6454,79.4838,3,2,1,3,1,0,0,79.4838,68.3794,1.2083,-11.1044,30,
119,1,7,2,383,1,289.3178,197.5273,167.4394,2,3,1,2,1,0,0,197.5273,199.8163,1.1945,2.289,40,
119,1,7,2,384,1,109.6004,75.5345,345.7177,3,1,2,3,1,0,0,345.7177,30.5853,1.3055,44.8676,-2.5,
119,1,7,1,385,1,76.5846,49.7989,319.643,2,3,1,3,0,1,0,319.643,346.0283,0.95111,26.3854,10,
119,1,7,1,386,1,168.1388,288.6237,318.363,3,2,1,1,0,0,1,168.1388,331.5932,1.3541,163.4544,-10,
119,1,7,1,387,1,15.6652,139.3162,197.9715,2,1,3,2,1,0,0,139.3162,163.3861,0.84028,24.0699,10,
119,1,7,1,388,1,317.6563,76.5294,169.2992,2,1,3,1,0,1,0,317.6563,136.0292,1.2989,178.3729,-10,
119,1,7,1,389,1,78.2865,19.0337,259.1002,2,1,3,1,0,1,0,78.2865,178.6288,0.84027,100.3423,-10,
119,1,7,2,390,1,315.6385,46.0963,108.2943,1,2,3,3,0,0,1,108.2943,94.526,1.1944,-13.7683,20,
119,1,7,2,391,1,348.6166,15.4678,255.7661,2,3,1,2,1,0,0,15.4678,28.6177,0.71525,13.1499,20,
119,1,7,2,392,1,105.4698,196.348,315.9822,2,3,1,2,1,0,0,196.348,196.6337,0.993,0.28577,40,
119,1,7,1,393,1,49.5558,256.0753,168.1263,3,2,1,3,1,0,0,168.1263,308.9626,1.0347,140.8363,-10,
119,1,7,2,394,1,77.878,19.93,169.9328,3,2,1,3,1,0,0,169.9328,161.0955,1.1874,-8.8373,30,
119,1,7,2,395,1,78.5473,136.2019,347.7999,1,3,2,1,1,0,0,78.5473,57.543,1.5624,-21.0043,10,
119,1,7,2,396,1,199.2338,167.38,348.5452,1,3,2,2,0,0,1,167.38,168.2911,1.2152,0.91112,40,
119,1,7,1,397,1,228.3453,198.3056,256.5169,3,1,2,3,1,0,0,256.5169,229.2244,0.96528,-27.2925,10,
119,1,7,2,398,1,136.9195,315.1557,287.2832,2,1,3,3,0,0,1,287.2832,284.4503,0.97919,-2.8329,40,
119,1,7,1,399,1,78.7722,319.8946,348.2123,3,1,2,3,1,0,0,348.2123,327.0506,0.89584,-21.1617,10,
119,1,7,2,400,1,199.0846,107.9567,316.9693,1,3,2,1,1,0,0,199.0846,165.9024,0.95824,-33.1822,0,
119,1,7,2,401,1,79.278,259.6167,16.4797,3,2,1,3,1,0,0,16.4797,21.5317,0.89582,5.0519,30,
119,1,7,2,402,1,168.3431,48.0968,229.5773,1,3,2,2,0,0,1,48.0968,59.0028,0.85415,10.9061,30,
119,1,7,1,403,1,199.3287,45.1229,166.2578,2,3,1,2,1,0,0,45.1229,48.3554,0.65278,3.2324,30,
119,1,7,1,404,1,107.0258,257.5138,348.9484,2,3,1,1,0,0,1,107.0258,95.8623,1.2777,-11.1635,30,
119,1,7,2,405,1,79.6678,15.1571,168.3115,2,1,3,3,0,0,1,168.3115,143.7066,2.042,-24.6049,10,
119,1,7,1,406,1,289.9065,169.5638,227.5018,1,2,3,1,1,0,0,289.9065,266.7068,1.1389,-23.1998,10,
119,1,7,2,407,1,18.1395,78.7989,226.2368,2,3,1,2,1,0,0,78.7989,74.5273,0.70166,-4.2717,30,
119,1,7,1,408,1,347.7962,316.7957,139.0266,2,1,3,2,1,0,0,316.7957,323.6865,0.89582,6.8909,30,
119,1,7,1,409,1,109.0146,16.7214,165.7149,1,2,3,1,1,0,0,109.0146,102.9357,1.0277,-6.0788,30,
119,1,7,1,410,1,228.6414,288.7829,255.7343,2,1,3,1,0,1,0,228.6414,273.0366,1.2083,44.3952,-2.5,
119,1,7,1,411,1,349.9459,19.5199,48.9703,1,2,3,1,1,0,0,349.9459,328.7868,0.9236,-21.1591,10,
119,1,7,2,412,1,136.8242,15.3663,109.5894,2,1,3,2,1,0,0,15.3663,36.6817,0.83331,21.3154,10,
119,1,7,1,413,1,166.6788,136.5205,316.4824,3,2,1,3,1,0,0,316.4824,317.6426,0.88927,1.1602,40,
119,1,7,2,414,1,315.8214,137.8584,347.8371,1,2,3,1,1,0,0,315.8214,159.9729,1.3541,-155.8485,-10,
119,1,7,2,415,1,46.1584,258.2531,285.1593,3,2,1,1,0,0,1,46.1584,352.5229,0.95101,-53.6354,-5,
119,1,7,2,416,1,347.3423,196.4702,46.2967,1,2,3,1,1,0,0,347.3423,16.6986,0.90987,29.3562,10,
119,1,7,2,417,1,79.1016,197.0848,318.5891,3,2,1,2,0,1,0,197.0848,NaN,100000,999,0,
119,1,7,2,418,1,165.9047,255.4965,225.0882,3,1,2,3,1,0,0,225.0882,235.2111,0.92321,10.123,30,
119,1,7,2,419,1,347.1071,289.4069,45.0074,1,2,3,1,1,0,0,347.1071,352.569,1.5624,5.4619,30,
119,1,7,1,420,1,227.0412,105.5032,17.7194,3,1,2,3,1,0,0,17.7194,45.4621,1.2083,27.7427,10,
119,1,8,2,421,1,315.2445,75.6458,19.6596,2,1,3,1,0,1,0,315.2445,NaN,100000,999,0,
119,1,8,2,422,1,18.0163,225.0746,136.2847,2,3,1,1,0,0,1,18.0163,358.6961,1.0551,-19.3202,20,
119,1,8,1,423,1,285.5542,319.8249,257.0183,1,3,2,1,1,0,0,285.5542,359.3286,0.84066,73.7744,-10,
119,1,8,2,424,1,167.6321,138.1449,228.1032,2,1,3,3,0,0,1,228.1032,208.7275,0.81239,-19.3757,20,
119,1,8,2,425,1,48.5924,136.864,106.201,3,2,1,2,0,1,0,136.864,NaN,100000,999,0,
119,1,8,2,426,1,256.1097,46.9319,289.0213,2,3,1,2,1,0,0,46.9319,39.9271,0.6249,-7.0048,30,
119,1,8,2,427,1,136.0161,196.8414,108.7995,1,2,3,1,1,0,0,136.0161,350.344,1.0694,-145.6721,-10,
119,1,8,2,428,1,16.9448,259.5851,287.638,2,1,3,1,0,1,0,16.9448,NaN,100000,999,0,
119,1,8,1,429,1,166.5505,198.5618,346.0623,3,2,1,3,1,0,0,346.0623,337.1997,0.69442,-8.8625,30,
119,1,8,2,430,1,79.0925,255.3886,349.5444,2,3,1,1,0,0,1,79.0925,156.5326,0.98576,77.4401,-10,
119,1,8,2,431,1,107.3887,75.343,136.5237,2,3,1,2,1,0,0,75.343,66.2193,0.61805,-9.1237,30,
119,1,8,1,432,1,349.1118,289.0253,199.2152,2,3,1,2,1,0,0,289.0253,305.542,0.87493,16.5168,20,
119,1,8,2,433,1,169.6521,137.6881,315.2633,1,3,2,1,1,0,0,169.6521,155.5102,0.71557,-14.1419,20,
119,1,8,1,434,1,196.9652,47.2204,106.087,3,1,2,1,0,1,0,196.9652,187.0567,0.90262,-9.9084,30,
119,1,8,1,435,1,169.0858,136.2648,108.0684,1,3,2,1,1,0,0,169.0858,159.5926,1.118,-9.4932,30,
119,1,8,2,436,1,48.6156,137.316,348.6998,2,1,3,2,1,0,0,137.316,136.3827,0.63168,-0.93328,40,
119,1,8,1,437,1,75.4806,49.05,226.9772,3,1,2,2,0,0,1,49.05,56.8407,0.45137,7.7907,30,
119,1,8,2,438,1,199.711,256.5231,226.1246,3,2,1,2,0,1,0,256.5231,NaN,100000,999,0,
119,1,8,2,439,1,166.3961,228.2545,19.4344,1,3,2,3,0,1,0,19.4344,NaN,100000,999,0,
119,1,8,1,440,1,196.8165,226.6641,348.0439,3,2,1,3,1,0,0,348.0439,5.71,0.92356,17.6661,20,
119,1,8,1,441,1,15.4857,48.9095,286.3534,1,2,3,1,1,0,0,15.4857,81.4849,0.72247,65.9991,-10,
119,1,8,1,442,1,199.3766,105.1348,16.1867,2,3,1,2,1,0,0,105.1348,120.9653,0.8958,15.8305,20,
119,1,8,2,443,1,135.8783,346.6175,225.4344,1,3,2,3,0,1,0,225.4344,NaN,100000,999,0,
119,1,8,1,444,1,316.0135,169.2349,78.4905,3,2,1,3,1,0,0,78.4905,84.1653,1.0208,5.6748,30,
119,1,8,2,445,1,347.9087,286.8709,136.7955,3,2,1,3,1,0,0,136.7955,87.777,0.85408,-49.0185,-2.5,
119,1,8,1,446,1,197.1309,168.9684,287.091,1,3,2,2,0,0,1,168.9684,190.9081,1.0972,21.9397,10,
119,1,8,2,447,1,349.3318,109.446,17.5455,2,1,3,2,1,0,0,109.446,116.9506,0.90279,7.5046,30,
119,1,8,2,448,1,196.183,286.8617,78.2975,1,2,3,1,1,0,0,196.183,257.6323,0.70136,61.4493,-10,
119,1,8,1,449,1,138.6339,228.5526,78.3249,2,3,1,2,1,0,0,228.5526,230.5742,0.73607,2.0215,40,
119,1,8,2,450,1,139.1484,168.8334,198.2362,3,1,2,3,1,0,0,198.2362,193.6425,0.97911,-4.5938,30,
119,1,8,1,451,1,19.1051,136.6653,257.4428,2,3,1,2,1,0,0,136.6653,125.9354,0.8472,-10.7299,30,
119,1,8,1,452,1,169.2012,79.4106,319.6336,2,1,3,1,0,1,0,169.2012,149.1926,1.2915,-20.0086,20,
119,1,8,2,453,1,136.7458,45.0329,288.8487,3,1,2,2,0,0,1,45.0329,52.665,1.0416,7.6321,30,
119,1,8,2,454,1,138.0884,315.7604,229.7629,2,1,3,2,1,0,0,315.7604,302.1418,0.8681,-13.6186,20,
119,1,8,1,455,1,196.0139,19.9306,285.1423,1,2,3,1,1,0,0,196.0139,187.8729,0.77078,-8.141,30,
119,1,8,2,456,1,135.9326,45.5758,167.9295,3,2,1,1,0,0,1,135.9326,175.7772,0.88882,39.8446,0,
119,1,8,1,457,1,285.7617,48.3309,75.2884,1,3,2,3,0,1,0,75.2884,75.9591,2.8541,0.67074,40,
119,1,8,2,458,1,138.6163,197.8562,106.9256,3,1,2,3,1,0,0,106.9256,127.7487,1.2916,20.823,20,
119,1,8,1,459,1,106.5717,75.7887,258.3546,3,1,2,3,1,0,0,258.3546,247.1261,0.96524,-11.2285,30,
119,1,8,2,460,1,318.4543,106.9063,347.7962,3,1,2,1,0,1,0,318.4543,NaN,100000,999,0,
119,1,8,2,461,1,137.751,19.7788,106.2592,3,2,1,3,1,0,0,106.2592,98.6636,0.70137,-7.5956,30,
119,1,8,1,462,1,287.152,168.7379,196.2253,1,3,2,3,0,1,0,196.2253,195.8257,1.4235,-0.3996,40,
119,1,8,1,463,1,197.5686,76.239,258.5211,3,1,2,1,0,1,0,197.5686,230.2781,1.368,32.7095,0,
119,1,8,1,464,1,78.2963,287.0977,199.6774,3,2,1,3,1,0,0,199.6774,201.2318,1.0069,1.5544,40,
119,1,8,1,465,1,167.5788,108.9346,257.5131,1,2,3,1,1,0,0,167.5788,167.6533,0.91666,0.074504,40,
119,1,8,1,466,1,285.0701,137.5468,15.9754,3,2,1,3,1,0,0,15.9754,26.3833,1.9237,10.4079,30,
119,1,8,2,467,1,226.1215,345.0751,107.9267,3,2,1,3,1,0,0,107.9267,119.1704,0.63896,11.2437,30,
119,1,8,2,468,1,78.3645,348.212,259.0815,3,2,1,2,0,1,0,348.212,NaN,100000,999,0,
119,1,8,1,469,1,317.0484,195.0052,18.3714,2,3,1,1,0,0,1,317.0484,206.6344,0.90276,-110.414,-10,
119,1,8,1,470,1,229.435,135.063,257.8925,2,1,3,3,0,0,1,257.8925,289.6136,0.99995,31.7212,0,
119,1,8,1,471,1,17.4469,107.3494,316.9243,1,2,3,3,0,0,1,316.9243,290.4456,0.88896,-26.4787,10,
119,1,8,1,472,1,196.384,78.6315,18.75,1,3,2,1,1,0,0,196.384,206.8823,0.8402,10.4983,30,
119,1,8,2,473,1,349.8988,198.5987,19.8326,3,2,1,3,1,0,0,19.8326,21.8675,1.0347,2.0349,40,
119,1,8,1,474,1,137.1823,286.1866,196.1442,2,3,1,2,1,0,0,286.1866,294.015,1.0417,7.8284,30,
119,1,8,1,475,1,255.8306,15.962,167.6425,1,2,3,2,0,1,0,15.962,20.0141,0.88189,4.052,30,
119,1,8,1,476,1,48.6538,228.7188,108.0963,2,1,3,2,1,0,0,228.7188,226.2215,1.7499,-2.4973,40,
119,1,8,1,477,1,167.9703,138.614,49.544,2,1,3,2,1,0,0,138.614,147.8618,1.0003,9.2478,30,
119,1,8,1,478,1,317.9737,77.879,16.7599,3,2,1,2,0,1,0,77.879,78.5516,0.74299,0.67254,40,
119,1,8,1,479,1,47.4132,349.6295,166.1308,1,2,3,1,1,0,0,47.4132,92.9419,1.6457,45.5287,-2.5,
119,1,8,2,480,1,137.3917,16.0838,228.9675,2,3,1,2,1,0,0,16.0838,19.1728,0.74307,3.0889,30,
